TestCase,Max,Avg,Min,Sum,HarmonicMean,GeometricMean,StandardDeviation,MaxLinesRatio,AvgLinesRatio,MinLinesRatio,SumLinesRatio,HarmonicMeanLinesRatio,GeometricMeanLinesRatio,StandardDeviationLinesRatio,used_classes,changeProneness,linesRatio
org.jsoup.safety.CleanerTest.handlesFramesets,0.5,0.5,0.5,1.0,0.5,0.5,0.0,181.5,159.75,138.0,319.5,156.78873239436618,158.26244026931968,21.75,"[""List"", ""Document"", ""CleanerTest"", ""Jsoup"", ""Element"", ""Whitelist"", ""Cleaner""]","[0.5, 0.5]","[138.0, 181.5]"
org.jsoup.safety.CleanerTest.testDropComments,0.5,0.5,0.5,0.5,0.5,0.5,0.0,181.5,181.5,181.5,181.5,181.5,181.49999999999991,0.0,"[""Jsoup"", ""Whitelist"", ""CleanerTest""]",[0.5],[181.5]
org.jsoup.safety.CleanerTest.dropsUnresolvableRelativeLinks,0.5,0.5,0.5,0.5,0.5,0.5,0.0,181.5,181.5,181.5,181.5,181.5,181.49999999999991,0.0,"[""Jsoup"", ""Whitelist"", ""CleanerTest""]",[0.5],[181.5]
org.jsoup.safety.CleanerTest.testIsValid,0.5,0.5,0.5,0.5,0.5,0.5,0.0,181.5,181.5,181.5,181.5,181.5,181.49999999999991,0.0,"[""Jsoup"", ""Whitelist"", ""CleanerTest""]",[0.5],[181.5]
org.jsoup.nodes.DocumentTypeTest.constructorValidationThrowsExceptionOnNulls,0.5,0.5,0.5,0.5,0.5,0.5,0.0,70.0,70.0,70.0,70.0,70.0,70.00000000000003,0.0,"[""DocumentTypeTest"", ""DocumentType""]",[0.5],[70.0]
org.jsoup.safety.CleanerTest.preservesRelativeLinksIfConfigured,0.5,0.5,0.5,0.5,0.5,0.5,0.0,181.5,181.5,181.5,181.5,181.5,181.49999999999991,0.0,"[""Jsoup"", ""Whitelist"", ""CleanerTest""]",[0.5],[181.5]
org.jsoup.safety.CleanerTest.testRelaxed,0.5,0.5,0.5,0.5,0.5,0.5,0.0,181.5,181.5,181.5,181.5,181.5,181.49999999999991,0.0,"[""Jsoup"", ""String"", ""TextUtil"", ""Whitelist"", ""CleanerTest""]",[0.5],[181.5]
org.jsoup.nodes.DocumentTypeTest.constructorValidationThrowsExceptionOnBlankName,0.5,0.5,0.5,0.5,0.5,0.5,0.0,70.0,70.0,70.0,70.0,70.0,70.00000000000003,0.0,"[""DocumentTypeTest"", ""DocumentType""]",[0.5],[70.0]
org.jsoup.safety.CleanerTest.testDropsUnknownTags,0.5,0.5,0.5,0.5,0.5,0.5,0.0,181.5,181.5,181.5,181.5,181.5,181.49999999999991,0.0,"[""Jsoup"", ""Whitelist"", ""CleanerTest""]",[0.5],[181.5]
org.jsoup.nodes.DocumentTypeTest.constructorValidationOkWithBlankPublicAndSystemIds,0.5,0.5,0.5,0.5,0.5,0.5,0.0,70.0,70.0,70.0,70.0,70.0,70.00000000000003,0.0,"[""DocumentTypeTest"", ""DocumentType""]",[0.5],[70.0]
org.jsoup.safety.CleanerTest.basicWithImagesTest,0.5,0.5,0.5,0.5,0.5,0.5,0.0,181.5,181.5,181.5,181.5,181.5,181.49999999999991,0.0,"[""Jsoup"", ""String"", ""TextUtil"", ""Whitelist"", ""CleanerTest""]",[0.5],[181.5]
org.jsoup.safety.CleanerTest.resolvesRelativeLinks,0.5,0.5,0.5,0.5,0.5,0.5,0.0,181.5,181.5,181.5,181.5,181.5,181.49999999999991,0.0,"[""Jsoup"", ""Whitelist"", ""CleanerTest""]",[0.5],[181.5]
org.jsoup.safety.CleanerTest.testDropImageScript,0.5,0.5,0.5,0.5,0.5,0.5,0.0,181.5,181.5,181.5,181.5,181.5,181.49999999999991,0.0,"[""Jsoup"", ""Whitelist"", ""CleanerTest""]",[0.5],[181.5]
org.jsoup.safety.CleanerTest.testDropScript,0.5,0.5,0.5,0.5,0.5,0.5,0.0,181.5,181.5,181.5,181.5,181.5,181.49999999999991,0.0,"[""Jsoup"", ""Whitelist"", ""CleanerTest""]",[0.5],[181.5]
org.jsoup.safety.CleanerTest.supplyOutputSettings,0.5,0.5,0.5,0.5,0.5,0.5,0.0,181.5,181.5,181.5,181.5,181.5,181.49999999999991,0.0,"[""Jsoup"", ""Whitelist"", ""CleanerTest"", ""Document$OutputSettings""]",[0.5],[181.5]
org.jsoup.safety.CleanerTest.testDropXmlProc,0.5,0.5,0.5,0.5,0.5,0.5,0.0,181.5,181.5,181.5,181.5,181.5,181.49999999999991,0.0,"[""Jsoup"", ""Whitelist"", ""CleanerTest""]",[0.5],[181.5]
org.jsoup.safety.CleanerTest.addsTagOnAttributesIfNotSet,0.5,0.5,0.5,0.5,0.5,0.5,0.0,181.5,181.5,181.5,181.5,181.5,181.49999999999991,0.0,"[""Jsoup"", ""Whitelist"", ""CleanerTest""]",[0.5],[181.5]
org.jsoup.safety.CleanerTest.cleansInternationalText,0.5,0.5,0.5,0.5,0.5,0.5,0.0,181.5,181.5,181.5,181.5,181.5,181.49999999999991,0.0,"[""Jsoup"", ""Whitelist"", ""CleanerTest""]",[0.5],[181.5]
org.jsoup.safety.CleanerTest.basicBehaviourTest,0.5,0.5,0.5,0.5,0.5,0.5,0.0,181.5,181.5,181.5,181.5,181.5,181.49999999999991,0.0,"[""Jsoup"", ""String"", ""TextUtil"", ""Whitelist"", ""CleanerTest""]",[0.5],[181.5]
org.jsoup.nodes.DocumentTypeTest.outerHtmlGeneration,0.5,0.5,0.5,0.5,0.5,0.5,0.0,70.0,70.0,70.0,70.0,70.0,70.00000000000003,0.0,"[""DocumentTypeTest"", ""DocumentType""]",[0.5],[70.0]
org.jsoup.safety.CleanerTest.simpleBehaviourTest,0.5,0.5,0.5,0.5,0.5,0.5,0.0,181.5,181.5,181.5,181.5,181.5,181.49999999999991,0.0,"[""Jsoup"", ""String"", ""TextUtil"", ""Whitelist"", ""CleanerTest""]",[0.5],[181.5]
org.jsoup.safety.CleanerTest.simpleBehaviourTest2,0.5,0.5,0.5,0.5,0.5,0.5,0.0,181.5,181.5,181.5,181.5,181.5,181.49999999999991,0.0,"[""Jsoup"", ""String"", ""TextUtil"", ""Whitelist"", ""CleanerTest""]",[0.5],[181.5]
org.jsoup.safety.CleanerTest.handlesAllPseudoTag,0.5,0.5,0.5,0.5,0.5,0.5,0.0,181.5,181.5,181.5,181.5,181.5,181.49999999999991,0.0,"[""Jsoup"", ""Whitelist"", ""CleanerTest""]",[0.5],[181.5]
org.jsoup.safety.CleanerTest.testCleanJavascriptHref,0.5,0.5,0.5,0.5,0.5,0.5,0.0,181.5,181.5,181.5,181.5,181.5,181.49999999999991,0.0,"[""Jsoup"", ""Whitelist"", ""CleanerTest""]",[0.5],[181.5]
org.jsoup.safety.CleanerTest.testHandlesEmptyAttributes,0.5,0.5,0.5,0.5,0.5,0.5,0.0,181.5,181.5,181.5,181.5,181.5,181.49999999999991,0.0,"[""Jsoup"", ""Whitelist"", ""CleanerTest""]",[0.5],[181.5]
org.jsoup.safety.CleanerTest.handlesCustomProtocols,0.5,0.5,0.5,0.5,0.5,0.5,0.0,181.5,181.5,181.5,181.5,181.5,181.49999999999991,0.0,"[""Jsoup"", ""Whitelist"", ""CleanerTest""]",[0.5],[181.5]
org.jsoup.select.SelectorTest.notClass,,,,0.0,,,,,,,0.0,,,,"[""Document"", ""Elements"", ""Jsoup"", ""Element"", ""SelectorTest""]",[],[]
org.jsoup.select.SelectorTest.matchesOwn,,,,0.0,,,,,,,0.0,,,,"[""Document"", ""Elements"", ""Jsoup"", ""Element"", ""SelectorTest""]",[],[]
org.jsoup.select.ElementsTest.after,,,,0.0,,,,,,,0.0,,,,"[""String"", ""TextUtil"", ""Document"", ""Elements"", ""Jsoup"", ""ElementsTest"", ""Element""]",[],[]
org.jsoup.select.SelectorTest.testByAttributeRegex,,,,0.0,,,,,,,0.0,,,,"[""Document"", ""Elements"", ""Jsoup"", ""Element"", ""SelectorTest""]",[],[]
org.jsoup.parser.HtmlParserTest.handlesDataOnlyTags,,,,0.0,,,,,,,0.0,,,,"[""Document"", ""HtmlParserTest"", ""Jsoup"", ""Element"", ""List""]",[],[]
org.jsoup.nodes.ElementTest.testPrependNewHtml,,,,0.0,,,,,,,0.0,,,,"[""String"", ""TextUtil"", ""ElementTest"", ""Document"", ""Elements"", ""Jsoup"", ""Element""]",[],[]
org.jsoup.parser.HtmlParserTest.preservesSpaceInScript,,,,0.0,,,,,,,0.0,,,,"[""StringBuilder"", ""Document"", ""Elements"", ""HtmlParserTest"", ""Jsoup"", ""Element""]",[],[]
org.jsoup.nodes.AttributeTest.html,,,,0.0,,,,,,,0.0,,,,"[""Attribute"", ""AttributeTest""]",[],[]
org.jsoup.nodes.ElementTest.testGetElementsWithClass,,,,0.0,,,,,,,0.0,,,,"[""ElementTest"", ""Document"", ""Jsoup"", ""Element"", ""List""]",[],[]
org.jsoup.select.SelectorTest.testCharactersInIdAndClass,,,,0.0,,,,,,,0.0,,,,"[""Document"", ""Elements"", ""Jsoup"", ""Element"", ""SelectorTest""]",[],[]
org.jsoup.parser.HtmlParserTest.handlesMisnestedTagsBP,,,,0.0,,,,,,,0.0,,,,"[""HtmlParserTest"", ""Jsoup"", ""Element"", ""Document""]",[],[]
org.jsoup.select.SelectorTest.testById,,,,0.0,,,,,,,0.0,,,,"[""Document"", ""Elements"", ""Jsoup"", ""Element"", ""SelectorTest""]",[],[]
org.jsoup.nodes.ElementTest.testNormalisesText,,,,0.0,,,,,,,0.0,,,,"[""Jsoup"", ""Document"", ""ElementTest""]",[],[]
org.jsoup.parser.XmlTreeBuilderTest.testSupplyParserToConnection,,,,0.0,,,,,,,0.0,,,,"[""String"", ""TextUtil"", ""XmlTreeBuilderTest"", ""Document"", ""Elements"", ""Connection"", ""Jsoup"", ""Parser""]",[],[]
org.jsoup.integration.UrlConnectTest.exceptOnUnsupportedProtocol,,,,0.0,,,,,,,0.0,,,,"[""Connection"", ""Jsoup"", ""UrlConnectTest"", ""MalformedURLException""]",[],[]
org.jsoup.helper.StringUtilTest.isBlank,,,,0.0,,,,,,,0.0,,,,"[""StringUtil"", ""StringUtilTest""]",[],[]
org.jsoup.parser.HtmlParserTest.testSpaceAfterTag,,,,0.0,,,,,,,0.0,,,,"[""String"", ""TextUtil"", ""Document"", ""HtmlParserTest"", ""Jsoup"", ""Element""]",[],[]
org.jsoup.nodes.ElementTest.testTagNameSet,,,,0.0,,,,,,,0.0,,,,"[""ElementTest"", ""Document"", ""Elements"", ""Jsoup"", ""Element""]",[],[]
org.jsoup.parser.HtmlParserTest.handlesImplicitCaptionClose,,,,0.0,,,,,,,0.0,,,,"[""String"", ""TextUtil"", ""Document"", ""HtmlParserTest"", ""Jsoup"", ""Element""]",[],[]
org.jsoup.parser.HtmlParserTest.parsesQuiteRoughAttributes,,,,0.0,,,,,,,0.0,,,,"[""HtmlParserTest"", ""Jsoup"", ""Element"", ""Document""]",[],[]
org.jsoup.select.ElementsTest.attr,,,,0.0,,,,,,,0.0,,,,"[""Jsoup"", ""ElementsTest"", ""Elements"", ""Document""]",[],[]
org.jsoup.integration.UrlConnectTest.maximumRedirects,,,,0.0,,,,,,,0.0,,,,"[""String"", ""UrlConnectTest"", ""Connection"", ""Jsoup"", ""IOException""]",[],[]
org.jsoup.parser.HtmlParserTest.testNoImagesInNoScriptInHead,,,,0.0,,,,,,,0.0,,,,"[""HtmlParserTest"", ""Jsoup"", ""String"", ""TextUtil"", ""Document""]",[],[]
org.jsoup.parser.HtmlParserTest.testAFlowContents,,,,0.0,,,,,,,0.0,,,,"[""String"", ""TextUtil"", ""Document"", ""HtmlParserTest"", ""Jsoup"", ""Element""]",[],[]
org.jsoup.parser.HtmlParserTest.reconstructFormattingElements,,,,0.0,,,,,,,0.0,,,,"[""HtmlParserTest"", ""Jsoup"", ""Element"", ""Document""]",[],[]
org.jsoup.integration.ParseTest.testBaidu,,,,0.0,,,,,,,0.0,,,,"[""ParseTest"", ""URL"", ""IllegalStateException"", ""Document$OutputSettings"", ""Charset"", ""Document"", ""Elements"", ""Jsoup"", ""File"", ""Element"", ""Class""]",[],[]
org.jsoup.select.ElementsTest.eq,,,,0.0,,,,,,,0.0,,,,"[""Document"", ""Elements"", ""Jsoup"", ""ElementsTest"", ""Element""]",[],[]
org.jsoup.nodes.ElementTest.testGetTextNodes,,,,0.0,,,,,,,0.0,,,,"[""ElementTest"", ""Document"", ""Elements"", ""Jsoup"", ""Element"", ""TextNode"", ""List""]",[],[]
org.jsoup.parser.HtmlParserTest.handleNullContextInParseFragment,,,,0.0,,,,,,,0.0,,,,"[""StringUtil"", ""Node"", ""HtmlParserTest"", ""Parser"", ""List""]",[],[]
org.jsoup.nodes.ElementTest.testBrHasSpace,,,,0.0,,,,,,,0.0,,,,"[""ElementTest"", ""Document"", ""Elements"", ""Jsoup"", ""Element""]",[],[]
org.jsoup.nodes.ElementTest.testSetHtml,,,,0.0,,,,,,,0.0,,,,"[""String"", ""TextUtil"", ""ElementTest"", ""Document"", ""Jsoup"", ""Element""]",[],[]
org.jsoup.parser.HtmlParserTest.testHeaderContents,,,,0.0,,,,,,,0.0,,,,"[""String"", ""TextUtil"", ""Document"", ""HtmlParserTest"", ""Jsoup"", ""Element""]",[],[]
org.jsoup.nodes.ElementTest.testAddNewText,,,,0.0,,,,,,,0.0,,,,"[""String"", ""TextUtil"", ""ElementTest"", ""Document"", ""Jsoup"", ""Element""]",[],[]
org.jsoup.select.SelectorTest.testPseudoLessThan,,,,0.0,,,,,,,0.0,,,,"[""Document"", ""Elements"", ""Jsoup"", ""Element"", ""SelectorTest""]",[],[]
org.jsoup.parser.HtmlParserTest.findsCharsetInMalformedMeta,,,,0.0,,,,,,,0.0,,,,"[""HtmlParserTest"", ""Jsoup"", ""Elements"", ""Document""]",[],[]
org.jsoup.helper.HttpConnectionTest.throwsExceptionOnBodyWithoutExecute,,,,0.0,,,,,,,0.0,,,,"[""HttpConnectionTest"", ""Connection"", ""HttpConnection"", ""Connection$Response""]",[],[]
org.jsoup.nodes.ElementTest.parentlessToString,,,,0.0,,,,,,,0.0,,,,"[""ElementTest"", ""Document"", ""Elements"", ""Jsoup"", ""Element""]",[],[]
org.jsoup.select.SelectorTest.testSupportsLeadingCombinator,,,,0.0,,,,,,,0.0,,,,"[""Document"", ""Elements"", ""Jsoup"", ""Element"", ""SelectorTest""]",[],[]
org.jsoup.select.ElementsTest.traverse,,,,0.0,,,,,,,0.0,,,,"[""StringBuilder"", ""Object"", ""Document"", ""Elements"", ""Node"", ""Jsoup"", ""ElementsTest"", ""ElementsTest$1""]",[],[]
org.jsoup.select.QueryParserTest.testParsesMultiCorrectly,,,,0.0,,,,,,,0.0,,,,"[""CombiningEvaluator$And"", ""List"", ""QueryParserTest"", ""QueryParser""]",[],[]
org.jsoup.parser.CharacterReaderTest.consumeToAny,,,,0.0,,,,,,,0.0,,,,"[""CharacterReaderTest"", ""CharacterReader""]",[],[]
org.jsoup.parser.HtmlParserTest.noImplicitFormForTextAreas,,,,0.0,,,,,,,0.0,,,,"[""HtmlParserTest"", ""Jsoup"", ""Element"", ""Document""]",[],[]
org.jsoup.nodes.ElementTest.testAppendRowToTable,,,,0.0,,,,,,,0.0,,,,"[""String"", ""TextUtil"", ""ElementTest"", ""Document"", ""Elements"", ""Jsoup"", ""Element""]",[],[]
org.jsoup.parser.XmlTreeBuilderTest.testPopToClose,,,,0.0,,,,,,,0.0,,,,"[""String"", ""TextUtil"", ""XmlTreeBuilder"", ""XmlTreeBuilderTest"", ""Document""]",[],[]
org.jsoup.select.ElementsTest.html,,,,0.0,,,,,,,0.0,,,,"[""Jsoup"", ""ElementsTest"", ""Elements"", ""Document""]",[],[]
org.jsoup.select.ElementsTest.parents,,,,0.0,,,,,,,0.0,,,,"[""Document"", ""Elements"", ""Jsoup"", ""ElementsTest"", ""Element""]",[],[]
org.jsoup.helper.HttpConnectionTest.throwsOnOdddData,,,,0.0,,,,,,,0.0,,,,"[""HttpConnectionTest"", ""Connection"", ""HttpConnection""]",[],[]
org.jsoup.nodes.DocumentTest.testOutputEncoding,,,,0.0,,,,,,,0.0,,,,"[""Document$OutputSettings"", ""Charset"", ""Document"", ""Jsoup"", ""Element"", ""DocumentTest""]",[],[]
org.jsoup.select.ElementsTest.hasAbsAttr,,,,0.0,,,,,,,0.0,,,,"[""Jsoup"", ""ElementsTest"", ""Elements"", ""Document""]",[],[]
org.jsoup.nodes.DocumentTest.testNormalisesStructure,,,,0.0,,,,,,,0.0,,,,"[""Jsoup"", ""String"", ""TextUtil"", ""Document"", ""DocumentTest""]",[],[]
org.jsoup.select.SelectorTest.and,,,,0.0,,,,,,,0.0,,,,"[""Document"", ""Elements"", ""Jsoup"", ""Element"", ""SelectorTest""]",[],[]
org.jsoup.nodes.NodeTest.literalAbsPrefix,,,,0.0,,,,,,,0.0,,,,"[""Document"", ""Elements"", ""Jsoup"", ""Element"", ""NodeTest""]",[],[]
org.jsoup.integration.ParseTest.testYahooJp,,,,0.0,,,,,,,0.0,,,,"[""ParseTest"", ""URL"", ""IllegalStateException"", ""Document"", ""Elements"", ""Jsoup"", ""File"", ""Element"", ""Class""]",[],[]
org.jsoup.parser.HtmlParserTest.handlesUnknownTags,,,,0.0,,,,,,,0.0,,,,"[""Document"", ""Elements"", ""HtmlParserTest"", ""Jsoup"", ""Element""]",[],[]
org.jsoup.helper.StringUtilTest.normaliseWhiteSpaceHandlesHighSurrogates,,,,0.0,,,,,,,0.0,,,,"[""Jsoup"", ""StringUtil"", ""StringUtilTest"", ""Document""]",[],[]
org.jsoup.parser.HtmlParserTest.handlesBaseWithoutHref,,,,0.0,,,,,,,0.0,,,,"[""Document"", ""Elements"", ""HtmlParserTest"", ""Jsoup"", ""Element""]",[],[]
org.jsoup.integration.UrlConnectTest.fetchBaidu,,,,0.0,,,,,,,0.0,,,,"[""UrlConnectTest"", ""Document$OutputSettings"", ""Charset"", ""Document"", ""Connection"", ""Jsoup"", ""Connection$Response"", ""AssertionError""]",[],[]
org.jsoup.nodes.NodeTest.handlesBaseUri,,,,0.0,,,,,,,0.0,,,,"[""Attributes"", ""Element"", ""NodeTest"", ""Tag""]",[],[]
org.jsoup.select.ElementsTest.wrap,,,,0.0,,,,,,,0.0,,,,"[""Document"", ""Elements"", ""Jsoup"", ""ElementsTest"", ""Element""]",[],[]
org.jsoup.select.ElementsTest.is,,,,0.0,,,,,,,0.0,,,,"[""Jsoup"", ""ElementsTest"", ""Elements"", ""Document""]",[],[]
org.jsoup.helper.StringUtilTest.isNumeric,,,,0.0,,,,,,,0.0,,,,"[""StringUtil"", ""StringUtilTest""]",[],[]
org.jsoup.parser.XmlTreeBuilderTest.testSupplyParserToDataStream,,,,0.0,,,,,,,0.0,,,,"[""URL"", ""String"", ""TextUtil"", ""XmlTreeBuilderTest"", ""Document"", ""File"", ""FileInputStream"", ""Jsoup"", ""Class"", ""Parser""]",[],[]
org.jsoup.parser.HtmlParserTest.parsesSimpleDocument,,,,0.0,,,,,,,0.0,,,,"[""HtmlParserTest"", ""Jsoup"", ""Element"", ""Document""]",[],[]
org.jsoup.parser.AttributeParseTest.parsesRoughAttributeString,,,,0.0,,,,,,,0.0,,,,"[""AttributeParseTest"", ""Document"", ""Elements"", ""Jsoup"", ""Attributes"", ""Element""]",[],[]
org.jsoup.parser.HtmlParserTest.handles0CharacterAsText,,,,0.0,,,,,,,0.0,,,,"[""HtmlParserTest"", ""Jsoup"", ""Element"", ""Document""]",[],[]
org.jsoup.nodes.ElementTest.testPrependText,,,,0.0,,,,,,,0.0,,,,"[""String"", ""TextUtil"", ""ElementTest"", ""Document"", ""Jsoup"", ""Element""]",[],[]
org.jsoup.select.SelectorTest.testPseudoEquals,,,,0.0,,,,,,,0.0,,,,"[""Document"", ""Elements"", ""Jsoup"", ""Element"", ""SelectorTest""]",[],[]
org.jsoup.nodes.ElementTest.before,,,,0.0,,,,,,,0.0,,,,"[""String"", ""TextUtil"", ""ElementTest"", ""Document"", ""Elements"", ""Jsoup"", ""Element""]",[],[]
org.jsoup.select.SelectorTest.testGroupOrAttribute,,,,0.0,,,,,,,0.0,,,,"[""Document"", ""Elements"", ""Jsoup"", ""Element"", ""SelectorTest""]",[],[]
org.jsoup.nodes.ElementTest.getElementsByTagName,,,,0.0,,,,,,,0.0,,,,"[""ElementTest"", ""Document"", ""Jsoup"", ""Element"", ""TextNode"", ""List""]",[],[]
org.jsoup.integration.UrlConnectTest.doesGet,,,,0.0,,,,,,,0.0,,,,"[""StringBuilder"", ""UrlConnectTest"", ""Document"", ""Elements"", ""Connection"", ""Jsoup"", ""Element""]",[],[]
org.jsoup.parser.CharacterReaderTest.containsIgnoreCase,,,,0.0,,,,,,,0.0,,,,"[""CharacterReaderTest"", ""CharacterReader""]",[],[]
org.jsoup.parser.TagTest.divSemantics,,,,0.0,,,,,,,0.0,,,,"[""TagTest"", ""Tag""]",[],[]
org.jsoup.nodes.DocumentTest.testXhtmlReferences,,,,0.0,,,,,,,0.0,,,,"[""Document$OutputSettings"", ""Document"", ""Jsoup"", ""Element"", ""DocumentTest""]",[],[]
org.jsoup.nodes.ElementTest.testGetText,,,,0.0,,,,,,,0.0,,,,"[""ElementTest"", ""Document"", ""Elements"", ""Jsoup"", ""Element""]",[],[]
org.jsoup.parser.CharacterReaderTest.consumeToChar,,,,0.0,,,,,,,0.0,,,,"[""CharacterReaderTest"", ""CharacterReader""]",[],[]
org.jsoup.select.ElementsTest.text,,,,0.0,,,,,,,0.0,,,,"[""Jsoup"", ""ElementsTest"", ""Elements"", ""Document""]",[],[]
org.jsoup.parser.TagTest.isCaseInsensitive,,,,0.0,,,,,,,0.0,,,,"[""TagTest"", ""Tag""]",[],[]
org.jsoup.parser.AttributeParseTest.handlesNewLinesAndReturns,,,,0.0,,,,,,,0.0,,,,"[""AttributeParseTest"", ""Document"", ""Elements"", ""Jsoup"", ""Attributes"", ""Element""]",[],[]
org.jsoup.parser.HtmlParserTest.parsesUnterminatedComments,,,,0.0,,,,,,,0.0,,,,"[""Document"", ""Elements"", ""HtmlParserTest"", ""Jsoup"", ""Comment"", ""Element"", ""TextNode""]",[],[]
org.jsoup.parser.HtmlParserTest.handlesNestedImplicitTable,,,,0.0,,,,,,,0.0,,,,"[""String"", ""TextUtil"", ""Document"", ""HtmlParserTest"", ""Jsoup"", ""Element""]",[],[]
org.jsoup.integration.UrlConnectTest.redirectsResponseCookieToNextResponse,,,,0.0,,,,,,,0.0,,,,"[""StringBuilder"", ""UrlConnectTest"", ""Document"", ""Elements"", ""Connection"", ""Jsoup"", ""Element"", ""Connection$Response""]",[],[]
org.jsoup.parser.TagTest.valueOfChecksNotEmpty,,,,0.0,,,,,,,0.0,,,,"[""TagTest"", ""Tag""]",[],[]
org.jsoup.nodes.DocumentTest.testTitles,,,,0.0,,,,,,,0.0,,,,"[""Document"", ""Elements"", ""Jsoup"", ""Element"", ""DocumentTest""]",[],[]
org.jsoup.select.SelectorTest.handlesCommasInSelector,,,,0.0,,,,,,,0.0,,,,"[""Document"", ""Elements"", ""Jsoup"", ""Element"", ""SelectorTest""]",[],[]
org.jsoup.parser.HtmlParserTest.handlesUnclosedRawtextAtEof,,,,0.0,,,,,,,0.0,,,,"[""Document"", ""Elements"", ""HtmlParserTest"", ""Jsoup"", ""Element""]",[],[]
org.jsoup.select.ElementsTest.hasText,,,,0.0,,,,,,,0.0,,,,"[""Jsoup"", ""ElementsTest"", ""Elements"", ""Document""]",[],[]
org.jsoup.select.SelectorTest.testGroupOr,,,,0.0,,,,,,,0.0,,,,"[""String"", ""Document"", ""Elements"", ""Jsoup"", ""Element"", ""SelectorTest""]",[],[]
org.jsoup.parser.HtmlParserTest.handlesUnclosedTitleAtEof,,,,0.0,,,,,,,0.0,,,,"[""HtmlParserTest"", ""Jsoup"", ""Document""]",[],[]
org.jsoup.nodes.ElementTest.elementIsNotASiblingOfItself,,,,0.0,,,,,,,0.0,,,,"[""ElementTest"", ""Document"", ""Elements"", ""Jsoup"", ""Element""]",[],[]
org.jsoup.select.SelectorTest.containsOwn,,,,0.0,,,,,,,0.0,,,,"[""Document"", ""Elements"", ""Jsoup"", ""Element"", ""SelectorTest""]",[],[]
org.jsoup.nodes.ElementTest.testSetText,,,,0.0,,,,,,,0.0,,,,"[""ElementTest"", ""Document"", ""Elements"", ""Jsoup"", ""Element""]",[],[]
org.jsoup.integration.UrlConnectTest.followsRelativeRedirect,,,,0.0,,,,,,,0.0,,,,"[""String"", ""UrlConnectTest"", ""Document"", ""Connection"", ""Jsoup""]",[],[]
org.jsoup.select.SelectorTest.testByAttribute,,,,0.0,,,,,,,0.0,,,,"[""Document"", ""Elements"", ""Jsoup"", ""Element"", ""SelectorTest""]",[],[]
org.jsoup.parser.HtmlParserTest.parsesUnterminatedOption,,,,0.0,,,,,,,0.0,,,,"[""Document"", ""Elements"", ""HtmlParserTest"", ""Jsoup"", ""Element""]",[],[]
org.jsoup.nodes.ElementTest.testWrap,,,,0.0,,,,,,,0.0,,,,"[""String"", ""TextUtil"", ""ElementTest"", ""Document"", ""Elements"", ""Jsoup"", ""Element""]",[],[]
org.jsoup.parser.HtmlParserTest.discardsNakedTds,,,,0.0,,,,,,,0.0,,,,"[""String"", ""TextUtil"", ""Document"", ""HtmlParserTest"", ""Jsoup"", ""Element""]",[],[]
org.jsoup.parser.HtmlParserTest.commentBeforeHtml,,,,0.0,,,,,,,0.0,,,,"[""HtmlParserTest"", ""Jsoup"", ""String"", ""TextUtil"", ""Document""]",[],[]
org.jsoup.parser.HtmlParserTest.handlesTextAfterData,,,,0.0,,,,,,,0.0,,,,"[""HtmlParserTest"", ""Jsoup"", ""String"", ""TextUtil"", ""Document""]",[],[]
org.jsoup.parser.HtmlParserTest.handlesXmlDeclarationAsBogusComment,,,,0.0,,,,,,,0.0,,,,"[""HtmlParserTest"", ""Jsoup"", ""StringUtil"", ""Document""]",[],[]
org.jsoup.parser.XmlTreeBuilderTest.testDoesNotForceSelfClosingKnownTags,,,,0.0,,,,,,,0.0,,,,"[""XmlTreeBuilderTest"", ""Document"", ""Jsoup"", ""Element"", ""Parser""]",[],[]
org.jsoup.nodes.NodeTest.traverse,,,,0.0,,,,,,,0.0,,,,"[""StringBuilder"", ""Object"", ""Document"", ""Elements"", ""Node"", ""Jsoup"", ""Element"", ""NodeTest"", ""NodeTest$1""]",[],[]
org.jsoup.parser.XmlTreeBuilderTest.testSupplyParserToJsoupClass,,,,0.0,,,,,,,0.0,,,,"[""String"", ""TextUtil"", ""XmlTreeBuilderTest"", ""Document"", ""Jsoup"", ""Parser""]",[],[]
org.jsoup.nodes.DocumentTest.testClonesDeclarations,,,,0.0,,,,,,,0.0,,,,"[""Jsoup"", ""String"", ""TextUtil"", ""Document"", ""DocumentTest""]",[],[]
org.jsoup.nodes.ElementTest.testGetElementsWithAttributeValue,,,,0.0,,,,,,,0.0,,,,"[""ElementTest"", ""Document"", ""Jsoup"", ""Element"", ""List""]",[],[]
org.jsoup.parser.HtmlParserTest.ignoresDupeEndTrTag,,,,0.0,,,,,,,0.0,,,,"[""String"", ""TextUtil"", ""Document"", ""HtmlParserTest"", ""Jsoup"", ""Element""]",[],[]
org.jsoup.nodes.ElementTest.testEmptyElementFormatHtml,,,,0.0,,,,,,,0.0,,,,"[""ElementTest"", ""Document"", ""Elements"", ""Jsoup"", ""Element""]",[],[]
org.jsoup.helper.HttpConnectionTest.ignoresEmptySetCookies,,,,0.0,,,,,,,0.0,,,,"[""Collections"", ""Map"", ""HashMap"", ""HttpConnectionTest"", ""HttpConnection$Response""]",[],[]
org.jsoup.select.SelectorTest.testAllElements,,,,0.0,,,,,,,0.0,,,,"[""Document"", ""Elements"", ""Jsoup"", ""Element"", ""SelectorTest""]",[],[]
org.jsoup.parser.HtmlParserTest.normalisesHeadlessBody,,,,0.0,,,,,,,0.0,,,,"[""HtmlParserTest"", ""Jsoup"", ""String"", ""TextUtil"", ""Document""]",[],[]
org.jsoup.parser.CharacterReaderTest.nextIndexOfChar,,,,0.0,,,,,,,0.0,,,,"[""CharacterReaderTest"", ""CharacterReader""]",[],[]
org.jsoup.helper.HttpConnectionTest.userAgent,,,,0.0,,,,,,,0.0,,,,"[""HttpConnectionTest"", ""Connection"", ""HttpConnection"", ""Connection$Request""]",[],[]
org.jsoup.integration.UrlConnectTest.doesPost,,,,0.0,,,,,,,0.0,,,,"[""StringBuilder"", ""UrlConnectTest"", ""Document"", ""Elements"", ""Connection"", ""Jsoup"", ""Element""]",[],[]
org.jsoup.select.SelectorTest.generalSiblings,,,,0.0,,,,,,,0.0,,,,"[""Document"", ""Elements"", ""Jsoup"", ""Element"", ""SelectorTest""]",[],[]
org.jsoup.parser.HtmlParserTest.handlesUnclosedTitle,,,,0.0,,,,,,,0.0,,,,"[""Document"", ""Elements"", ""HtmlParserTest"", ""Jsoup"", ""Element""]",[],[]
org.jsoup.select.SelectorTest.parentChildStar,,,,0.0,,,,,,,0.0,,,,"[""Document"", ""Elements"", ""Jsoup"", ""Element"", ""SelectorTest""]",[],[]
org.jsoup.select.SelectorTest.testPseudoCombined,,,,0.0,,,,,,,0.0,,,,"[""Document"", ""Elements"", ""Jsoup"", ""Element"", ""SelectorTest""]",[],[]
org.jsoup.nodes.ElementTest.testSetIndent,,,,0.0,,,,,,,0.0,,,,"[""Jsoup"", ""Document"", ""ElementTest"", ""Document$OutputSettings""]",[],[]
org.jsoup.select.SelectorTest.testByAttributeStarting,,,,0.0,,,,,,,0.0,,,,"[""Document"", ""Elements"", ""Jsoup"", ""Element"", ""SelectorTest""]",[],[]
org.jsoup.nodes.ElementTest.testGetSiblings,,,,0.0,,,,,,,0.0,,,,"[""Jsoup"", ""Element"", ""Document"", ""ElementTest""]",[],[]
org.jsoup.integration.ParseTest.testBinary,,,,0.0,,,,,,,0.0,,,,"[""ParseTest"", ""URL"", ""String"", ""IllegalStateException"", ""Document"", ""Jsoup"", ""File"", ""Class""]",[],[]
org.jsoup.select.ElementsTest.wrapDiv,,,,0.0,,,,,,,0.0,,,,"[""String"", ""TextUtil"", ""Document"", ""Elements"", ""Jsoup"", ""ElementsTest"", ""Element""]",[],[]
org.jsoup.parser.AttributeParseTest.canStartWithEq,,,,0.0,,,,,,,0.0,,,,"[""AttributeParseTest"", ""Document"", ""Elements"", ""Jsoup"", ""Attributes"", ""Element""]",[],[]
org.jsoup.helper.HttpConnectionTest.timeout,,,,0.0,,,,,,,0.0,,,,"[""HttpConnectionTest"", ""Connection"", ""HttpConnection"", ""Connection$Request""]",[],[]
org.jsoup.helper.HttpConnectionTest.throwsExceptionOnBodyAsBytesWithoutExecute,,,,0.0,,,,,,,0.0,,,,"[""HttpConnectionTest"", ""Connection"", ""HttpConnection"", ""Connection$Response""]",[],[]
org.jsoup.parser.HtmlParserTest.handlesTbodyTable,,,,0.0,,,,,,,0.0,,,,"[""String"", ""TextUtil"", ""Document"", ""HtmlParserTest"", ""Jsoup"", ""Element""]",[],[]
org.jsoup.nodes.NodeTest.ownerDocument,,,,0.0,,,,,,,0.0,,,,"[""Document"", ""Elements"", ""Jsoup"", ""Element"", ""NodeTest""]",[],[]
org.jsoup.nodes.ElementTest.testGetElementsWithAttributeDash,,,,0.0,,,,,,,0.0,,,,"[""ElementTest"", ""Document"", ""Elements"", ""Jsoup"", ""Element""]",[],[]
org.jsoup.parser.HtmlParserTest.ignoresContentAfterFrameset,,,,0.0,,,,,,,0.0,,,,"[""HtmlParserTest"", ""Jsoup"", ""String"", ""TextUtil"", ""Document""]",[],[]
org.jsoup.nodes.NodeTest.nodeIsNotASiblingOfItself,,,,0.0,,,,,,,0.0,,,,"[""Document"", ""Elements"", ""Node"", ""Jsoup"", ""Element"", ""NodeTest"", ""List""]",[],[]
org.jsoup.parser.TagTest.equality,,,,0.0,,,,,,,0.0,,,,"[""TagTest"", ""Tag""]",[],[]
org.jsoup.nodes.DocumentTest.setTextPreservesDocumentStructure,,,,0.0,,,,,,,0.0,,,,"[""Document"", ""Elements"", ""Jsoup"", ""Element"", ""DocumentTest""]",[],[]
org.jsoup.parser.HtmlParserTest.handlesFrames,,,,0.0,,,,,,,0.0,,,,"[""HtmlParserTest"", ""Jsoup"", ""String"", ""TextUtil"", ""Document""]",[],[]
org.jsoup.select.ElementsTest.unwrapP,,,,0.0,,,,,,,0.0,,,,"[""String"", ""TextUtil"", ""Document"", ""Elements"", ""Jsoup"", ""ElementsTest"", ""Element""]",[],[]
org.jsoup.nodes.EntitiesTest.noSpuriousDecodes,,,,0.0,,,,,,,0.0,,,,"[""Entities"", ""EntitiesTest""]",[],[]
org.jsoup.select.QueryParserTest.testOrGetsCorrectPrecedence,,,,0.0,,,,,,,0.0,,,,"[""List"", ""QueryParserTest"", ""Iterator"", ""QueryParser""]",[],[]
org.jsoup.select.ElementsTest.empty,,,,0.0,,,,,,,0.0,,,,"[""Document$OutputSettings"", ""Document"", ""Elements"", ""Jsoup"", ""ElementsTest"", ""Element""]",[],[]
org.jsoup.parser.HtmlParserTest.testSpanContents,,,,0.0,,,,,,,0.0,,,,"[""String"", ""TextUtil"", ""Document"", ""HtmlParserTest"", ""Jsoup"", ""Element""]",[],[]
org.jsoup.select.ElementsTest.absAttr,,,,0.0,,,,,,,0.0,,,,"[""Jsoup"", ""ElementsTest"", ""Elements"", ""Document""]",[],[]
org.jsoup.nodes.EntitiesTest.letterDigitEntities,,,,0.0,,,,,,,0.0,,,,"[""EntitiesTest"", ""Document"", ""Elements"", ""Jsoup"", ""Element""]",[],[]
org.jsoup.parser.HtmlParserTest.handlesQuotesInCommentsInScripts,,,,0.0,,,,,,,0.0,,,,"[""HtmlParserTest"", ""Jsoup"", ""Element"", ""Document""]",[],[]
org.jsoup.nodes.ElementTest.testContainerOutput,,,,0.0,,,,,,,0.0,,,,"[""ElementTest"", ""Document"", ""Elements"", ""Jsoup"", ""Element""]",[],[]
org.jsoup.parser.HtmlParserTest.tracksLimitedErrorsWhenRequested,,,,0.0,,,,,,,0.0,,,,"[""Parser"", ""ParseError"", ""List"", ""HtmlParserTest""]",[],[]
org.jsoup.parser.TokenQueueTest.unescape,,,,0.0,,,,,,,0.0,,,,"[""TokenQueue"", ""TokenQueueTest""]",[],[]
org.jsoup.helper.StringUtilTest.normaliseWhiteSpace,,,,0.0,,,,,,,0.0,,,,"[""StringUtil"", ""StringUtilTest""]",[],[]
org.jsoup.nodes.ElementTest.testAddNewHtml,,,,0.0,,,,,,,0.0,,,,"[""String"", ""TextUtil"", ""ElementTest"", ""Document"", ""Elements"", ""Jsoup"", ""Element""]",[],[]
org.jsoup.select.SelectorTest.mixCombinatorGroup,,,,0.0,,,,,,,0.0,,,,"[""Document"", ""Elements"", ""Jsoup"", ""Element"", ""SelectorTest""]",[],[]
org.jsoup.nodes.TextNodeTest.testSplitAnEmbolden,,,,0.0,,,,,,,0.0,,,,"[""TextNodeTest"", ""TextUtil"", ""String"", ""Document"", ""Elements"", ""Jsoup"", ""Element"", ""TextNode""]",[],[]
org.jsoup.select.ElementsTest.classes,,,,0.0,,,,,,,0.0,,,,"[""Document"", ""Elements"", ""Jsoup"", ""ElementsTest"", ""Element""]",[],[]
org.jsoup.parser.CharacterReaderTest.advance,,,,0.0,,,,,,,0.0,,,,"[""CharacterReaderTest"", ""CharacterReader""]",[],[]
org.jsoup.parser.HtmlParserTest.normalisedBodyAfterContent,,,,0.0,,,,,,,0.0,,,,"[""HtmlParserTest"", ""Jsoup"", ""String"", ""TextUtil"", ""Document""]",[],[]
org.jsoup.parser.HtmlParserTest.testRelaxedTags,,,,0.0,,,,,,,0.0,,,,"[""String"", ""TextUtil"", ""Document"", ""HtmlParserTest"", ""Jsoup"", ""Element""]",[],[]
org.jsoup.select.SelectorTest.notAdjacent,,,,0.0,,,,,,,0.0,,,,"[""Jsoup"", ""Elements"", ""Document"", ""SelectorTest""]",[],[]
org.jsoup.select.SelectorTest.deeperDescendant,,,,0.0,,,,,,,0.0,,,,"[""Document"", ""Elements"", ""Jsoup"", ""Element"", ""SelectorTest""]",[],[]
org.jsoup.nodes.ElementTest.testGetChildText,,,,0.0,,,,,,,0.0,,,,"[""ElementTest"", ""Document"", ""Elements"", ""Jsoup"", ""Element""]",[],[]
org.jsoup.select.ElementsTest.tagNameSet,,,,0.0,,,,,,,0.0,,,,"[""Document"", ""Elements"", ""Jsoup"", ""ElementsTest"", ""Element""]",[],[]
org.jsoup.nodes.TextNodeTest.testSplitText,,,,0.0,,,,,,,0.0,,,,"[""TextNodeTest"", ""Document"", ""Elements"", ""Jsoup"", ""Element"", ""TextNode""]",[],[]
org.jsoup.nodes.ElementTest.testOuterHtml,,,,0.0,,,,,,,0.0,,,,"[""Jsoup"", ""String"", ""TextUtil"", ""ElementTest"", ""Document""]",[],[]
org.jsoup.select.ElementsTest.remove,,,,0.0,,,,,,,0.0,,,,"[""Document$OutputSettings"", ""Document"", ""Elements"", ""Jsoup"", ""ElementsTest"", ""Element""]",[],[]
org.jsoup.select.SelectorTest.testPseudoHas,,,,0.0,,,,,,,0.0,,,,"[""Document"", ""Elements"", ""Jsoup"", ""Element"", ""SelectorTest""]",[],[]
org.jsoup.parser.HtmlParserTest.doesNotCreateImplicitLists,,,,0.0,,,,,,,0.0,,,,"[""Document"", ""Elements"", ""HtmlParserTest"", ""Jsoup"", ""Element""]",[],[]
org.jsoup.integration.ParseTest.testNytArticle,,,,0.0,,,,,,,0.0,,,,"[""ParseTest"", ""URL"", ""IllegalStateException"", ""Document"", ""Elements"", ""Jsoup"", ""File"", ""Element"", ""Class""]",[],[]
org.jsoup.select.SelectorTest.testAllWithClass,,,,0.0,,,,,,,0.0,,,,"[""Jsoup"", ""Elements"", ""Document"", ""SelectorTest""]",[],[]
org.jsoup.select.ElementsTest.filter,,,,0.0,,,,,,,0.0,,,,"[""Document"", ""Elements"", ""Jsoup"", ""ElementsTest"", ""Element""]",[],[]
org.jsoup.integration.ParseTest.testSmhBizArticle,,,,0.0,,,,,,,0.0,,,,"[""ParseTest"", ""URL"", ""IllegalStateException"", ""Document"", ""Elements"", ""Jsoup"", ""File"", ""Class""]",[],[]
org.jsoup.select.SelectorTest.adjacentSiblings,,,,0.0,,,,,,,0.0,,,,"[""Document"", ""Elements"", ""Jsoup"", ""Element"", ""SelectorTest""]",[],[]
org.jsoup.parser.HtmlParserTest.handlesBaseTags,,,,0.0,,,,,,,0.0,,,,"[""Document"", ""Elements"", ""HtmlParserTest"", ""Jsoup"", ""Element""]",[],[]
org.jsoup.nodes.ElementTest.testWrapWithRemainder,,,,0.0,,,,,,,0.0,,,,"[""String"", ""TextUtil"", ""ElementTest"", ""Document"", ""Elements"", ""Jsoup"", ""Element""]",[],[]
org.jsoup.integration.UrlConnectTest.exceptOnUnknownContentType,,,,0.0,,,,,,,0.0,,,,"[""URL"", ""Jsoup"", ""UrlConnectTest"", ""UnsupportedMimeTypeException""]",[],[]
org.jsoup.select.SelectorTest.parentChildElement,,,,0.0,,,,,,,0.0,,,,"[""Document"", ""Elements"", ""Jsoup"", ""Element"", ""SelectorTest""]",[],[]
org.jsoup.nodes.NodeTest.handlesAbsOnImage,,,,0.0,,,,,,,0.0,,,,"[""Document"", ""Elements"", ""Jsoup"", ""Element"", ""NodeTest""]",[],[]
org.jsoup.parser.HtmlParserTest.handlesEscapedScript,,,,0.0,,,,,,,0.0,,,,"[""Document"", ""Elements"", ""HtmlParserTest"", ""Jsoup"", ""Element""]",[],[]
org.jsoup.nodes.ElementTest.testHtmlContainsOuter,,,,0.0,,,,,,,0.0,,,,"[""String"", ""ElementTest"", ""Document$OutputSettings"", ""Document"", ""Elements"", ""Jsoup""]",[],[]
org.jsoup.nodes.NodeTest.after,,,,0.0,,,,,,,0.0,,,,"[""Document"", ""Elements"", ""Tag"", ""Jsoup"", ""Element"", ""NodeTest""]",[],[]
org.jsoup.helper.HttpConnectionTest.referrer,,,,0.0,,,,,,,0.0,,,,"[""HttpConnectionTest"", ""Connection"", ""HttpConnection"", ""Connection$Request""]",[],[]
org.jsoup.integration.ParseTest.testNewsHomepage,,,,0.0,,,,,,,0.0,,,,"[""ParseTest"", ""URL"", ""String"", ""IllegalStateException"", ""Document"", ""Elements"", ""Jsoup"", ""File"", ""Element"", ""Class""]",[],[]
org.jsoup.nodes.EntitiesTest.strictUnescape,,,,0.0,,,,,,,0.0,,,,"[""Entities"", ""EntitiesTest""]",[],[]
org.jsoup.nodes.NodeTest.handlesAbsPrefixOnHasAttr,,,,0.0,,,,,,,0.0,,,,"[""Document"", ""Elements"", ""Jsoup"", ""Element"", ""NodeTest""]",[],[]
org.jsoup.parser.XmlTreeBuilderTest.testCommentAndDocType,,,,0.0,,,,,,,0.0,,,,"[""String"", ""TextUtil"", ""XmlTreeBuilder"", ""XmlTreeBuilderTest"", ""Document""]",[],[]
org.jsoup.integration.UrlConnectTest.followsTempRedirect,,,,0.0,,,,,,,0.0,,,,"[""String"", ""UrlConnectTest"", ""Document"", ""Connection"", ""Jsoup""]",[],[]
org.jsoup.helper.DataUtilTest.testCharset,,,,0.0,,,,,,,0.0,,,,"[""DataUtilTest"", ""DataUtil""]",[],[]
org.jsoup.parser.HtmlParserTest.handlesMisnestedTagsBI,,,,0.0,,,,,,,0.0,,,,"[""HtmlParserTest"", ""Jsoup"", ""Element"", ""Document""]",[],[]
org.jsoup.parser.TagTest.valueOfChecksNotNull,,,,0.0,,,,,,,0.0,,,,"[""TagTest"", ""Tag""]",[],[]
org.jsoup.nodes.ElementTest.testKeepsPreTextInCode,,,,0.0,,,,,,,0.0,,,,"[""Jsoup"", ""Element"", ""Document"", ""ElementTest""]",[],[]
org.jsoup.parser.TokenQueueTest.chompToIgnoreCase,,,,0.0,,,,,,,0.0,,,,"[""TokenQueue"", ""TokenQueueTest""]",[],[]
org.jsoup.nodes.ElementTest.testNoIndentOnScriptAndStyle,,,,0.0,,,,,,,0.0,,,,"[""Jsoup"", ""Element"", ""Document"", ""ElementTest""]",[],[]
org.jsoup.parser.HtmlParserTest.dropsUnterminatedTag,,,,0.0,,,,,,,0.0,,,,"[""HtmlParserTest"", ""Jsoup"", ""Elements"", ""Document""]",[],[]
org.jsoup.select.SelectorTest.multiChildDescent,,,,0.0,,,,,,,0.0,,,,"[""Document"", ""Elements"", ""Jsoup"", ""Element"", ""SelectorTest""]",[],[]
org.jsoup.select.ElementsTest.val,,,,0.0,,,,,,,0.0,,,,"[""Document"", ""Elements"", ""Jsoup"", ""ElementsTest"", ""Element""]",[],[]
org.jsoup.parser.HtmlParserTest.testHgroup,,,,0.0,,,,,,,0.0,,,,"[""String"", ""TextUtil"", ""Document"", ""HtmlParserTest"", ""Jsoup"", ""Element""]",[],[]
org.jsoup.parser.HtmlParserTest.normalisesDocument,,,,0.0,,,,,,,0.0,,,,"[""HtmlParserTest"", ""Jsoup"", ""String"", ""TextUtil"", ""Document""]",[],[]
org.jsoup.parser.HtmlParserTest.doesNotFindShortestMatchingEntity,,,,0.0,,,,,,,0.0,,,,"[""StringUtil"", ""Document"", ""HtmlParserTest"", ""Jsoup"", ""Element""]",[],[]
org.jsoup.integration.UrlConnectTest.fetchURl,,,,0.0,,,,,,,0.0,,,,"[""URL"", ""String"", ""UrlConnectTest"", ""Document"", ""Jsoup""]",[],[]
org.jsoup.parser.HtmlParserTest.handlesWhitespaceInoDocType,,,,0.0,,,,,,,0.0,,,,"[""HtmlParserTest"", ""Jsoup"", ""Document"", ""Node""]",[],[]
org.jsoup.parser.AttributeParseTest.parsesEmptyString,,,,0.0,,,,,,,0.0,,,,"[""AttributeParseTest"", ""Document"", ""Elements"", ""Jsoup"", ""Attributes"", ""Element""]",[],[]
org.jsoup.helper.HttpConnectionTest.data,,,,0.0,,,,,,,0.0,,,,"[""Connection$Request"", ""Collection"", ""Connection$KeyVal"", ""Connection"", ""HttpConnectionTest"", ""HttpConnection""]",[],[]
org.jsoup.helper.HttpConnectionTest.throwsOnMalformedUrl,,,,0.0,,,,,,,0.0,,,,"[""HttpConnectionTest"", ""HttpConnection""]",[],[]
org.jsoup.integration.ParseTest.testYahooArticle,,,,0.0,,,,,,,0.0,,,,"[""ParseTest"", ""URL"", ""IllegalStateException"", ""Document"", ""Elements"", ""Jsoup"", ""File"", ""Element"", ""Class""]",[],[]
org.jsoup.nodes.NodeTest.absHandlesRelativeQuery,,,,0.0,,,,,,,0.0,,,,"[""Document"", ""Elements"", ""Jsoup"", ""Element"", ""NodeTest""]",[],[]
org.jsoup.select.ElementsTest.outerHtml,,,,0.0,,,,,,,0.0,,,,"[""String"", ""TextUtil"", ""Document"", ""Elements"", ""Jsoup"", ""ElementsTest""]",[],[]
org.jsoup.nodes.ElementTest.testManipulateTextNodes,,,,0.0,,,,,,,0.0,,,,"[""ElementTest"", ""Document"", ""Elements"", ""Jsoup"", ""Element"", ""TextNode"", ""List""]",[],[]
org.jsoup.parser.HtmlParserTest.testFontFlowContents,,,,0.0,,,,,,,0.0,,,,"[""String"", ""TextUtil"", ""Document"", ""HtmlParserTest"", ""Jsoup"", ""Element""]",[],[]
org.jsoup.nodes.ElementTest.testInnerHtml,,,,0.0,,,,,,,0.0,,,,"[""ElementTest"", ""Document"", ""Elements"", ""Jsoup"", ""Element""]",[],[]
org.jsoup.parser.AttributeParseTest.moreAttributeUnescapes,,,,0.0,,,,,,,0.0,,,,"[""AttributeParseTest"", ""Document"", ""Elements"", ""Jsoup"", ""Element""]",[],[]
org.jsoup.parser.HtmlParserTest.handlesCdata,,,,0.0,,,,,,,0.0,,,,"[""Document"", ""Elements"", ""HtmlParserTest"", ""Jsoup"", ""Element"", ""List""]",[],[]
org.jsoup.parser.HtmlParserTest.handlesWhatWgExpensesTableExample,,,,0.0,,,,,,,0.0,,,,"[""String"", ""TextUtil"", ""Document"", ""HtmlParserTest"", ""Jsoup"", ""Element""]",[],[]
org.jsoup.helper.HttpConnectionTest.method,,,,0.0,,,,,,,0.0,,,,"[""HttpConnectionTest"", ""Connection"", ""HttpConnection"", ""Connection$Request""]",[],[]
org.jsoup.select.ElementsTest.setHtml,,,,0.0,,,,,,,0.0,,,,"[""String"", ""TextUtil"", ""Document"", ""Elements"", ""Jsoup"", ""ElementsTest"", ""Element""]",[],[]
org.jsoup.helper.StringUtilTest.isWhitespace,,,,0.0,,,,,,,0.0,,,,"[""StringUtil"", ""StringUtilTest""]",[],[]
org.jsoup.parser.HtmlParserTest.handlesSpanInTbody,,,,0.0,,,,,,,0.0,,,,"[""Document"", ""Elements"", ""HtmlParserTest"", ""Jsoup"", ""Element""]",[],[]
org.jsoup.parser.CharacterReaderTest.consume,,,,0.0,,,,,,,0.0,,,,"[""CharacterReaderTest"", ""CharacterReader""]",[],[]
org.jsoup.nodes.ElementTest.testClassUpdates,,,,0.0,,,,,,,0.0,,,,"[""ElementTest"", ""Document"", ""Elements"", ""Jsoup"", ""Element""]",[],[]
org.jsoup.nodes.ElementTest.testElementSiblingIndex,,,,0.0,,,,,,,0.0,,,,"[""ElementTest"", ""Document"", ""Elements"", ""Jsoup"", ""Element"", ""Integer""]",[],[]
org.jsoup.parser.HtmlParserTest.handlesUnknownNamespaceTags,,,,0.0,,,,,,,0.0,,,,"[""String"", ""TextUtil"", ""Document"", ""HtmlParserTest"", ""Jsoup"", ""Element""]",[],[]
org.jsoup.nodes.AttributesTest.html,,,,0.0,,,,,,,0.0,,,,"[""Attributes"", ""Map"", ""AttributesTest""]",[],[]
org.jsoup.parser.HtmlParserTest.preservesSpaceInTextArea,,,,0.0,,,,,,,0.0,,,,"[""StringBuilder"", ""Document"", ""Elements"", ""HtmlParserTest"", ""Jsoup"", ""Element""]",[],[]
org.jsoup.select.SelectorTest.testByClass,,,,0.0,,,,,,,0.0,,,,"[""Document"", ""Elements"", ""Jsoup"", ""Element"", ""SelectorTest""]",[],[]
org.jsoup.helper.HttpConnectionTest.cookie,,,,0.0,,,,,,,0.0,,,,"[""HttpConnectionTest"", ""Connection"", ""HttpConnection"", ""Connection$Request""]",[],[]
org.jsoup.select.ElementsTest.unwrap,,,,0.0,,,,,,,0.0,,,,"[""String"", ""TextUtil"", ""Document"", ""Elements"", ""Jsoup"", ""ElementsTest"", ""Element""]",[],[]
org.jsoup.parser.TokenQueueTest.chompBalancedMatchesAsMuchAsPossible,,,,0.0,,,,,,,0.0,,,,"[""TokenQueue"", ""TokenQueueTest""]",[],[]
org.jsoup.nodes.ElementTest.after,,,,0.0,,,,,,,0.0,,,,"[""String"", ""TextUtil"", ""ElementTest"", ""Document"", ""Elements"", ""Jsoup"", ""Element""]",[],[]
org.jsoup.helper.DataUtilTest.discardsSpuriousByteOrderMark,,,,0.0,,,,,,,0.0,,,,"[""DataUtil"", ""Charset"", ""Document"", ""Element"", ""Parser"", ""DataUtilTest""]",[],[]
org.jsoup.parser.HtmlParserTest.noErrorsByDefault,,,,0.0,,,,,,,0.0,,,,"[""Parser"", ""Jsoup"", ""List"", ""HtmlParserTest""]",[],[]
org.jsoup.integration.UrlConnectTest.followsRedirectToHttps,,,,0.0,,,,,,,0.0,,,,"[""String"", ""UrlConnectTest"", ""Document"", ""Connection"", ""Jsoup""]",[],[]
org.jsoup.select.SelectorTest.testByAttributeRegexCharacterClass,,,,0.0,,,,,,,0.0,,,,"[""Document"", ""Elements"", ""Jsoup"", ""Element"", ""SelectorTest""]",[],[]
org.jsoup.nodes.ElementTest.testGetDataNodes,,,,0.0,,,,,,,0.0,,,,"[""ElementTest"", ""Document"", ""Elements"", ""Jsoup"", ""Element"", ""DataNode"", ""List""]",[],[]
org.jsoup.parser.HtmlParserTest.handlesEscapedData,,,,0.0,,,,,,,0.0,,,,"[""Document"", ""Elements"", ""HtmlParserTest"", ""Jsoup"", ""Element""]",[],[]
org.jsoup.parser.TokenQueueTest.chompEscapedBalanced,,,,0.0,,,,,,,0.0,,,,"[""TokenQueue"", ""TokenQueueTest""]",[],[]
org.jsoup.parser.CharacterReaderTest.nextIndexOfString,,,,0.0,,,,,,,0.0,,,,"[""CharacterReaderTest"", ""CharacterReader""]",[],[]
org.jsoup.select.SelectorTest.adjacentSiblingsWithId,,,,0.0,,,,,,,0.0,,,,"[""Document"", ""Elements"", ""Jsoup"", ""Element"", ""SelectorTest""]",[],[]
org.jsoup.integration.UrlConnectTest.doesntRedirectIfSoConfigured,,,,0.0,,,,,,,0.0,,,,"[""Connection"", ""Jsoup"", ""Connection$Response"", ""UrlConnectTest""]",[],[]
org.jsoup.select.SelectorTest.notAll,,,,0.0,,,,,,,0.0,,,,"[""Document"", ""Elements"", ""Jsoup"", ""Element"", ""SelectorTest""]",[],[]
org.jsoup.helper.HttpConnectionTest.ignoresEmptyCookieNameAndVals,,,,0.0,,,,,,,0.0,,,,"[""ArrayList"", ""Map"", ""HashMap"", ""HttpConnectionTest"", ""List"", ""HttpConnection$Response""]",[],[]
org.jsoup.parser.TagTest.pSemantics,,,,0.0,,,,,,,0.0,,,,"[""TagTest"", ""Tag""]",[],[]
org.jsoup.nodes.ElementTest.getNamespacedElementsByTag,,,,0.0,,,,,,,0.0,,,,"[""ElementTest"", ""Document"", ""Elements"", ""Jsoup"", ""Element""]",[],[]
org.jsoup.parser.HtmlParserTest.handlesUnexpectedMarkupInTables,,,,0.0,,,,,,,0.0,,,,"[""String"", ""TextUtil"", ""Document"", ""HtmlParserTest"", ""Jsoup"", ""Element""]",[],[]
org.jsoup.select.SelectorTest.testPseudoBetween,,,,0.0,,,,,,,0.0,,,,"[""Document"", ""Elements"", ""Jsoup"", ""Element"", ""SelectorTest""]",[],[]
org.jsoup.select.SelectorTest.testByTag,,,,0.0,,,,,,,0.0,,,,"[""Document"", ""Elements"", ""Jsoup"", ""Element"", ""SelectorTest""]",[],[]
org.jsoup.integration.UrlConnectTest.multiCookieSet,,,,0.0,,,,,,,0.0,,,,"[""StringBuilder"", ""UrlConnectTest"", ""Map"", ""Document"", ""Elements"", ""Connection"", ""Jsoup"", ""Element"", ""Connection$Response""]",[],[]
org.jsoup.parser.HtmlParserTest.handlesInvalidStartTags,,,,0.0,,,,,,,0.0,,,,"[""Document"", ""Elements"", ""HtmlParserTest"", ""Jsoup"", ""Element""]",[],[]
org.jsoup.nodes.NodeTest.before,,,,0.0,,,,,,,0.0,,,,"[""Document"", ""Elements"", ""Tag"", ""Jsoup"", ""Element"", ""NodeTest""]",[],[]
org.jsoup.parser.CharacterReaderTest.unconsume,,,,0.0,,,,,,,0.0,,,,"[""CharacterReaderTest"", ""CharacterReader""]",[],[]
org.jsoup.parser.HtmlParserTest.handlesSolidusInA,,,,0.0,,,,,,,0.0,,,,"[""Document"", ""Elements"", ""HtmlParserTest"", ""Jsoup"", ""Element""]",[],[]
org.jsoup.integration.UrlConnectTest.postRedirectsFetchWithGet,,,,0.0,,,,,,,0.0,,,,"[""URL"", ""UrlConnectTest"", ""Connection"", ""Jsoup"", ""Connection$Response""]",[],[]
org.jsoup.parser.HtmlParserTest.noTableDirectInTable,,,,0.0,,,,,,,0.0,,,,"[""String"", ""TextUtil"", ""Document"", ""HtmlParserTest"", ""Jsoup"", ""Element""]",[],[]
org.jsoup.parser.HtmlParserTest.parsesRoughAttributes,,,,0.0,,,,,,,0.0,,,,"[""HtmlParserTest"", ""Jsoup"", ""Element"", ""Document""]",[],[]
org.jsoup.parser.HtmlParserTest.reconstructFormattingElementsInTable,,,,0.0,,,,,,,0.0,,,,"[""HtmlParserTest"", ""Jsoup"", ""Element"", ""Document""]",[],[]
org.jsoup.integration.UrlConnectTest.handlesDodgyCharset,,,,0.0,,,,,,,0.0,,,,"[""String"", ""UrlConnectTest"", ""Document"", ""Connection"", ""Jsoup"", ""Connection$Response""]",[],[]
org.jsoup.nodes.ElementTest.testGetElementById,,,,0.0,,,,,,,0.0,,,,"[""Jsoup"", ""Element"", ""Document"", ""ElementTest""]",[],[]
org.jsoup.integration.ParseTest.testHtml5Charset,,,,0.0,,,,,,,0.0,,,,"[""ParseTest"", ""URL"", ""String"", ""IllegalStateException"", ""Document$OutputSettings"", ""Charset"", ""Document"", ""Jsoup"", ""File"", ""Class""]",[],[]
org.jsoup.parser.HtmlParserTest.handlesSolidusAtAttributeEnd,,,,0.0,,,,,,,0.0,,,,"[""HtmlParserTest"", ""Jsoup"", ""Element"", ""Document""]",[],[]
org.jsoup.select.SelectorTest.mixCombinator,,,,0.0,,,,,,,0.0,,,,"[""Document"", ""Elements"", ""Jsoup"", ""Element"", ""SelectorTest""]",[],[]
org.jsoup.helper.DataUtilTest.testQuotedCharset,,,,0.0,,,,,,,0.0,,,,"[""DataUtilTest"", ""DataUtil""]",[],[]
org.jsoup.helper.StringUtilTest.normaliseWhiteSpaceModified,,,,0.0,,,,,,,0.0,,,,"[""StringUtil"", ""StringUtilTest""]",[],[]
org.jsoup.helper.StringUtilTest.join,,,,0.0,,,,,,,0.0,,,,"[""Arrays"", ""StringUtil"", ""StringUtilTest""]",[],[]
org.jsoup.select.SelectorTest.testNamespacedTag,,,,0.0,,,,,,,0.0,,,,"[""Document"", ""Elements"", ""Jsoup"", ""Element"", ""SelectorTest""]",[],[]
org.jsoup.nodes.EntitiesTest.escape,,,,0.0,,,,,,,0.0,,,,"[""Charset"", ""Entities"", ""EntitiesTest""]",[],[]
org.jsoup.parser.TagTest.defaultSemantics,,,,0.0,,,,,,,0.0,,,,"[""TagTest"", ""Tag""]",[],[]
org.jsoup.parser.CharacterReaderTest.consumeLetterSequence,,,,0.0,,,,,,,0.0,,,,"[""CharacterReaderTest"", ""CharacterReader""]",[],[]
org.jsoup.parser.TagTest.trims,,,,0.0,,,,,,,0.0,,,,"[""TagTest"", ""Tag""]",[],[]
org.jsoup.select.ElementsTest.before,,,,0.0,,,,,,,0.0,,,,"[""String"", ""TextUtil"", ""Document"", ""Elements"", ""Jsoup"", ""ElementsTest"", ""Element""]",[],[]
org.jsoup.nodes.ElementTest.testAddNewElement,,,,0.0,,,,,,,0.0,,,,"[""String"", ""TextUtil"", ""ElementTest"", ""Document"", ""Elements"", ""Jsoup"", ""Element""]",[],[]
org.jsoup.parser.HtmlParserTest.handlesUnknownInlineTags,,,,0.0,,,,,,,0.0,,,,"[""String"", ""TextUtil"", ""Document"", ""HtmlParserTest"", ""Jsoup"", ""Element""]",[],[]
org.jsoup.nodes.ElementTest.dataset,,,,0.0,,,,,,,0.0,,,,"[""ElementTest"", ""Map"", ""Document"", ""Elements"", ""Jsoup"", ""Attributes"", ""Element""]",[],[]
org.jsoup.parser.CharacterReaderTest.consumeToEnd,,,,0.0,,,,,,,0.0,,,,"[""CharacterReaderTest"", ""CharacterReader""]",[],[]
org.jsoup.integration.UrlConnectTest.ignoresExceptionIfSoConfigured,,,,0.0,,,,,,,0.0,,,,"[""UrlConnectTest"", ""Document"", ""Elements"", ""Connection"", ""Jsoup"", ""Element"", ""Connection$Response""]",[],[]
org.jsoup.parser.HtmlParserTest.handlesTextArea,,,,0.0,,,,,,,0.0,,,,"[""HtmlParserTest"", ""Jsoup"", ""Elements"", ""Document""]",[],[]
org.jsoup.select.SelectorTest.testMatches,,,,0.0,,,,,,,0.0,,,,"[""Document"", ""Elements"", ""Jsoup"", ""Element"", ""SelectorTest""]",[],[]
org.jsoup.select.SelectorTest.caseInsensitive,,,,0.0,,,,,,,0.0,,,,"[""Jsoup"", ""Elements"", ""Document"", ""SelectorTest""]",[],[]
org.jsoup.select.SelectorTest.testNestedHas,,,,0.0,,,,,,,0.0,,,,"[""Document"", ""Elements"", ""Jsoup"", ""Element"", ""SelectorTest""]",[],[]
org.jsoup.select.SelectorTest.testCombinedWithContains,,,,0.0,,,,,,,0.0,,,,"[""Document"", ""Elements"", ""Jsoup"", ""Element"", ""SelectorTest""]",[],[]
org.jsoup.nodes.ElementTest.testHasText,,,,0.0,,,,,,,0.0,,,,"[""ElementTest"", ""Document"", ""Elements"", ""Jsoup"", ""Element""]",[],[]
org.jsoup.parser.HtmlParserTest.handlesJavadocFont,,,,0.0,,,,,,,0.0,,,,"[""Document"", ""Elements"", ""HtmlParserTest"", ""Jsoup"", ""Element""]",[],[]
org.jsoup.select.SelectorTest.testPseudoContains,,,,0.0,,,,,,,0.0,,,,"[""Document"", ""Elements"", ""Jsoup"", ""Element"", ""SelectorTest""]",[],[]
org.jsoup.nodes.EntitiesTest.caseSensitive,,,,0.0,,,,,,,0.0,,,,"[""Charset"", ""Entities"", ""EntitiesTest""]",[],[]
org.jsoup.nodes.NodeTest.unwrapNoChildren,,,,0.0,,,,,,,0.0,,,,"[""String"", ""TextUtil"", ""Document"", ""Elements"", ""Jsoup"", ""Element"", ""NodeTest""]",[],[]
org.jsoup.parser.HtmlParserTest.handlesNullInComments,,,,0.0,,,,,,,0.0,,,,"[""HtmlParserTest"", ""Jsoup"", ""Element"", ""Document""]",[],[]
org.jsoup.parser.CharacterReaderTest.mark,,,,0.0,,,,,,,0.0,,,,"[""CharacterReaderTest"", ""CharacterReader""]",[],[]
org.jsoup.parser.HtmlParserTest.createsDocumentStructure,,,,0.0,,,,,,,0.0,,,,"[""Document"", ""Elements"", ""HtmlParserTest"", ""Jsoup"", ""Element""]",[],[]
org.jsoup.parser.HtmlParserTest.parsesBodyFragment,,,,0.0,,,,,,,0.0,,,,"[""String"", ""TextUtil"", ""Document"", ""Elements"", ""HtmlParserTest"", ""Jsoup"", ""Element""]",[],[]
org.jsoup.nodes.NodeTest.setBaseUriIsRecursive,,,,0.0,,,,,,,0.0,,,,"[""Document"", ""Elements"", ""Jsoup"", ""Element"", ""NodeTest""]",[],[]
org.jsoup.nodes.EntitiesTest.quoteReplacements,,,,0.0,,,,,,,0.0,,,,"[""Entities"", ""EntitiesTest""]",[],[]
org.jsoup.parser.HtmlParserTest.tracksErrorsWhenRequested,,,,0.0,,,,,,,0.0,,,,"[""HtmlParserTest"", ""Jsoup"", ""Parser"", ""ParseError"", ""List""]",[],[]
org.jsoup.parser.XmlTreeBuilderTest.testSimpleXmlParse,,,,0.0,,,,,,,0.0,,,,"[""String"", ""TextUtil"", ""XmlTreeBuilder"", ""XmlTreeBuilderTest"", ""Document"", ""Element""]",[],[]
org.jsoup.parser.HtmlParserTest.handlesNewlinesAndWhitespaceInTag,,,,0.0,,,,,,,0.0,,,,"[""HtmlParserTest"", ""Jsoup"", ""Element"", ""Document""]",[],[]
org.jsoup.parser.HtmlParserTest.handlesUnclosedScriptAtEof,,,,0.0,,,,,,,0.0,,,,"[""Document"", ""Elements"", ""HtmlParserTest"", ""Jsoup"", ""Element""]",[],[]
org.jsoup.nodes.DocumentTest.testClone,,,,0.0,,,,,,,0.0,,,,"[""String"", ""TextUtil"", ""Document"", ""Elements"", ""Jsoup"", ""Element"", ""DocumentTest""]",[],[]
org.jsoup.select.ElementsTest.hasAttr,,,,0.0,,,,,,,0.0,,,,"[""Jsoup"", ""ElementsTest"", ""Elements"", ""Document""]",[],[]
org.jsoup.select.SelectorTest.testByAttributeRegexCombined,,,,0.0,,,,,,,0.0,,,,"[""Jsoup"", ""Elements"", ""Document"", ""SelectorTest""]",[],[]
org.jsoup.parser.HtmlParserTest.emptyTdTag,,,,0.0,,,,,,,0.0,,,,"[""Document"", ""Elements"", ""HtmlParserTest"", ""Jsoup"", ""Element""]",[],[]
org.jsoup.nodes.ElementTest.testPrependElement,,,,0.0,,,,,,,0.0,,,,"[""Jsoup"", ""Element"", ""Document"", ""ElementTest""]",[],[]
org.jsoup.parser.HtmlParserTest.relaxedBaseEntityMatchAndStrictExtendedMatch,,,,0.0,,,,,,,0.0,,,,"[""StringUtil"", ""Document$OutputSettings"", ""Document"", ""HtmlParserTest"", ""Jsoup"", ""Element""]",[],[]
org.jsoup.parser.CharacterReaderTest.consumeLetterThenDigitSequence,,,,0.0,,,,,,,0.0,,,,"[""CharacterReaderTest"", ""CharacterReader""]",[],[]
org.jsoup.parser.TokenQueueTest.addFirst,,,,0.0,,,,,,,0.0,,,,"[""TokenQueue"", ""TokenQueueTest""]",[],[]
org.jsoup.parser.AttributeParseTest.strictAttributeUnescapes,,,,0.0,,,,,,,0.0,,,,"[""AttributeParseTest"", ""Document"", ""Elements"", ""Jsoup"", ""Element""]",[],[]
org.jsoup.parser.HtmlParserTest.handlesBlocksInDefinitions,,,,0.0,,,,,,,0.0,,,,"[""String"", ""TextUtil"", ""Document"", ""Elements"", ""HtmlParserTest"", ""Jsoup"", ""Element""]",[],[]
org.jsoup.nodes.ElementTest.testGetParents,,,,0.0,,,,,,,0.0,,,,"[""ElementTest"", ""Document"", ""Elements"", ""Jsoup"", ""Element""]",[],[]
org.jsoup.nodes.NodeTest.testReplace,,,,0.0,,,,,,,0.0,,,,"[""Document"", ""Elements"", ""Node"", ""Jsoup"", ""Element"", ""NodeTest""]",[],[]
org.jsoup.nodes.NodeTest.testRemove,,,,0.0,,,,,,,0.0,,,,"[""String"", ""TextUtil"", ""Document"", ""Elements"", ""Node"", ""Jsoup"", ""Element"", ""NodeTest""]",[],[]
org.jsoup.parser.HtmlParserTest.handlesNullInData,,,,0.0,,,,,,,0.0,,,,"[""HtmlParserTest"", ""Jsoup"", ""Element"", ""Document""]",[],[]
org.jsoup.nodes.EntitiesTest.unescape,,,,0.0,,,,,,,0.0,,,,"[""Entities"", ""EntitiesTest""]",[],[]
org.jsoup.nodes.NodeTest.handlesAbsPrefix,,,,0.0,,,,,,,0.0,,,,"[""Document"", ""Elements"", ""Jsoup"", ""Element"", ""NodeTest""]",[],[]
org.jsoup.nodes.ElementTest.testNotPretty,,,,0.0,,,,,,,0.0,,,,"[""Jsoup"", ""Document"", ""ElementTest"", ""Document$OutputSettings""]",[],[]
org.jsoup.parser.HtmlParserTest.handlesCommentsInTable,,,,0.0,,,,,,,0.0,,,,"[""HtmlParserTest"", ""Jsoup"", ""String"", ""TextUtil"", ""Document""]",[],[]
org.jsoup.nodes.ElementTest.testFormatHtml,,,,0.0,,,,,,,0.0,,,,"[""Jsoup"", ""Document"", ""ElementTest""]",[],[]
org.jsoup.nodes.ElementTest.testKeepsPreText,,,,0.0,,,,,,,0.0,,,,"[""Jsoup"", ""Document"", ""ElementTest""]",[],[]
org.jsoup.parser.HtmlParserTest.handlesMultiClosingBody,,,,0.0,,,,,,,0.0,,,,"[""Document"", ""Elements"", ""HtmlParserTest"", ""Jsoup"", ""Element""]",[],[]
org.jsoup.parser.HtmlParserTest.parsesComments,,,,0.0,,,,,,,0.0,,,,"[""Document"", ""Comment"", ""HtmlParserTest"", ""Jsoup"", ""Element"", ""TextNode""]",[],[]
org.jsoup.select.ElementsTest.attributes,,,,0.0,,,,,,,0.0,,,,"[""Document"", ""Elements"", ""Jsoup"", ""ElementsTest"", ""Element""]",[],[]
org.jsoup.select.SelectorTest.parentWithClassChild,,,,0.0,,,,,,,0.0,,,,"[""Document"", ""Elements"", ""Jsoup"", ""Element"", ""SelectorTest""]",[],[]
org.jsoup.select.SelectorTest.notParas,,,,0.0,,,,,,,0.0,,,,"[""Document"", ""Elements"", ""Jsoup"", ""Element"", ""SelectorTest""]",[],[]
org.jsoup.select.SelectorTest.descendant,,,,0.0,,,,,,,0.0,,,,"[""Document"", ""Elements"", ""Jsoup"", ""Element"", ""SelectorTest""]",[],[]
org.jsoup.nodes.ElementTest.testPrependRowToTable,,,,0.0,,,,,,,0.0,,,,"[""String"", ""TextUtil"", ""ElementTest"", ""Document"", ""Elements"", ""Jsoup"", ""Element""]",[],[]
org.jsoup.helper.HttpConnectionTest.connectWithUrl,,,,0.0,,,,,,,0.0,,,,"[""URL"", ""Connection$Request"", ""Connection"", ""HttpConnectionTest"", ""HttpConnection""]",[],[]
org.jsoup.parser.TokenQueueTest.chompBalanced,,,,0.0,,,,,,,0.0,,,,"[""TokenQueue"", ""TokenQueueTest""]",[],[]
org.jsoup.parser.CharacterReaderTest.matches,,,,0.0,,,,,,,0.0,,,,"[""CharacterReaderTest"", ""CharacterReader""]",[],[]
org.jsoup.nodes.NodeTest.orphanNodeReturnsNullForSiblingElements,,,,0.0,,,,,,,0.0,,,,"[""Elements"", ""Node"", ""Tag"", ""Element"", ""NodeTest"", ""List""]",[],[]
org.jsoup.select.ElementsTest.not,,,,0.0,,,,,,,0.0,,,,"[""Document"", ""Elements"", ""Jsoup"", ""ElementsTest"", ""Element""]",[],[]
org.jsoup.nodes.TextNodeTest.testTextBean,,,,0.0,,,,,,,0.0,,,,"[""TextNodeTest"", ""TextUtil"", ""String"", ""Document"", ""Elements"", ""Jsoup"", ""Element"", ""TextNode""]",[],[]
org.jsoup.parser.XmlTreeBuilderTest.handlesXmlDeclarationAsDeclaration,,,,0.0,,,,,,,0.0,,,,"[""StringUtil"", ""XmlTreeBuilderTest"", ""Document"", ""Node"", ""Jsoup"", ""Parser""]",[],[]
org.jsoup.parser.CharacterReaderTest.matchesIgnoreCase,,,,0.0,,,,,,,0.0,,,,"[""CharacterReaderTest"", ""CharacterReader""]",[],[]
org.jsoup.parser.HtmlParserTest.parsesUnterminatedTextarea,,,,0.0,,,,,,,0.0,,,,"[""Document"", ""Elements"", ""HtmlParserTest"", ""Jsoup"", ""Element""]",[],[]
org.jsoup.parser.HtmlParserTest.handlesUnclosedDefinitionLists,,,,0.0,,,,,,,0.0,,,,"[""Document"", ""Elements"", ""HtmlParserTest"", ""Jsoup"", ""Element""]",[],[]
org.jsoup.nodes.ElementTest.testGetElementsWithAttribute,,,,0.0,,,,,,,0.0,,,,"[""ElementTest"", ""Document"", ""Jsoup"", ""Element"", ""List""]",[],[]
org.jsoup.integration.UrlConnectTest.ignoresContentTypeIfSoConfigured,,,,0.0,,,,,,,0.0,,,,"[""Connection"", ""Jsoup"", ""Document"", ""UrlConnectTest""]",[],[]
org.jsoup.parser.CharacterReaderTest.matchesAny,,,,0.0,,,,,,,0.0,,,,"[""CharacterReaderTest"", ""CharacterReader""]",[],[]
org.jsoup.select.SelectorTest.testRelaxedTags,,,,0.0,,,,,,,0.0,,,,"[""Document"", ""Elements"", ""Jsoup"", ""Element"", ""SelectorTest""]",[],[]
org.jsoup.nodes.ElementTest.testClassDomMethods,,,,0.0,,,,,,,0.0,,,,"[""ElementTest"", ""Document"", ""Jsoup"", ""Element"", ""Set"", ""List""]",[],[]
org.jsoup.parser.HtmlParserTest.handlesUnclosedFormattingElements,,,,0.0,,,,,,,0.0,,,,"[""HtmlParserTest"", ""Jsoup"", ""Document"", ""Document$OutputSettings""]",[],[]
org.jsoup.parser.HtmlParserTest.dropsUnterminatedAttribute,,,,0.0,,,,,,,0.0,,,,"[""HtmlParserTest"", ""Jsoup"", ""Document""]",[],[]
org.jsoup.parser.TagTest.imgSemantics,,,,0.0,,,,,,,0.0,,,,"[""TagTest"", ""Tag""]",[],[]
org.jsoup.parser.HtmlParserTest.handlesKnownEmptyBlocks,,,,0.0,,,,,,,0.0,,,,"[""Document"", ""Elements"", ""HtmlParserTest"", ""Jsoup"", ""Element""]",[],[]
org.jsoup.parser.CharacterReaderTest.consumeToString,,,,0.0,,,,,,,0.0,,,,"[""CharacterReaderTest"", ""CharacterReader""]",[],[]
org.jsoup.integration.UrlConnectTest.throwsExceptionOnError,,,,0.0,,,,,,,0.0,,,,"[""Connection"", ""Jsoup"", ""UrlConnectTest"", ""HttpStatusException""]",[],[]
org.jsoup.integration.ParseTest.testBaiduVariant,,,,0.0,,,,,,,0.0,,,,"[""ParseTest"", ""URL"", ""IllegalStateException"", ""Document$OutputSettings"", ""Charset"", ""Document"", ""Elements"", ""Jsoup"", ""File"", ""Class""]",[],[]
org.jsoup.parser.HtmlParserTest.normalisesEmptyDocument,,,,0.0,,,,,,,0.0,,,,"[""HtmlParserTest"", ""Jsoup"", ""String"", ""TextUtil"", ""Document""]",[],[]
org.jsoup.helper.HttpConnectionTest.caseInsensitiveHeaders,,,,0.0,,,,,,,0.0,,,,"[""HttpConnectionTest"", ""Connection$Response"", ""Map"", ""HttpConnection$Response""]",[],[]
org.jsoup.nodes.ElementTest.testClone,,,,0.0,,,,,,,0.0,,,,"[""String"", ""TextUtil"", ""ElementTest"", ""Document"", ""Elements"", ""Jsoup"", ""Element""]",[],[]
org.jsoup.helper.StringUtilTest.padding,,,,0.0,,,,,,,0.0,,,,"[""StringUtil"", ""StringUtilTest""]",[],[]
org.jsoup.select.SelectorTest.testPseudoGreaterThan,,,,0.0,,,,,,,0.0,,,,"[""Document"", ""Elements"", ""Jsoup"", ""Element"", ""SelectorTest""]",[],[]
org.jsoup.helper.HttpConnectionTest.throwsExceptionOnParseWithoutExecute,,,,0.0,,,,,,,0.0,,,,"[""HttpConnectionTest"", ""Connection"", ""HttpConnection"", ""Connection$Response""]",[],[]
org.jsoup.select.SelectorTest.testPsuedoContainsWithParentheses,,,,0.0,,,,,,,0.0,,,,"[""Document"", ""Elements"", ""Jsoup"", ""Element"", ""SelectorTest""]",[],[]
org.jsoup.parser.HtmlParserTest.createsStructureFromBodySnippet,,,,0.0,,,,,,,0.0,,,,"[""HtmlParserTest"", ""Jsoup"", ""Document""]",[],[]
org.jsoup.nodes.NodeTest.unwrap,,,,0.0,,,,,,,0.0,,,,"[""String"", ""TextUtil"", ""Document"", ""Elements"", ""Node"", ""Jsoup"", ""Element"", ""TextNode"", ""NodeTest""]",[],[]
org.jsoup.nodes.TextNodeTest.testBlank,,,,0.0,,,,,,,0.0,,,,"[""TextNodeTest"", ""TextNode""]",[],[]
org.jsoup.integration.ParseTest.testGoogleSearchIpod,,,,0.0,,,,,,,0.0,,,,"[""ParseTest"", ""URL"", ""IllegalStateException"", ""Document"", ""Elements"", ""Jsoup"", ""File"", ""Element"", ""Class""]",[],[]
