ClassName,Changes,TotalCommits,Insertions,Deletions
Mapping,4,1092,522,196
FunctionInfo,8,1923,14,16
FunctionInformationMap,19,1923,1349,440
FunctionInformationMapOrBuilder,4,764,0,0
Instrumentation,18,1923,495,212
InstrumentationOrBuilder,4,764,0,0
InstrumentationTemplate,8,1923,10,12
ClassDefinitionException,1,375,0,0
NotAFunctionException,1,375,0,0
PropertyException,1,375,0,0
LogicalEquality,1,375,0,0
NamespaceHelper,1,375,0,0
Namespace,1,375,0,0
QName,1,375,0,0
XMLCtor,1,375,0,0
XML,1,375,0,0
XMLLibImpl,1,375,0,0
XMLList,1,375,0,0
XMLName,1,375,0,0
XMLObjectImpl,1,375,0,0
XMLWithScope,1,375,0,0
Control,1,375,0,0
Counter,1,375,0,0
CounterTest,1,375,0,0
DynamicScopes,1,375,0,0
File,1,375,0,0
Foo,1,375,0,0
Matrix,1,375,0,0
PrimitiveWrapFactory,1,375,0,0
RunScript2,1,375,0,0
RunScript3,1,375,0,0
RunScript4,1,375,0,0
RunScript,1,375,0,0
Shell,1,375,0,0
ClassDefinitionException,2,824,0,53
NotAFunctionException,2,824,0,52
PropertyException,2,824,0,54
LogicalEquality,2,824,0,367
NamespaceHelper,2,824,0,350
Namespace,2,824,0,335
QName,2,824,0,321
XMLCtor,2,824,0,269
XML,2,824,0,3092
XMLLibImpl,2,824,0,754
XMLList,2,824,0,1617
XMLName,2,824,0,171
XMLObjectImpl,2,824,0,724
XMLWithScope,2,824,0,125
Control,2,824,0,100
Counter,2,824,0,62
CounterTest,2,824,0,82
DynamicScopes,2,824,0,205
File,2,824,0,351
Foo,2,824,0,169
Matrix,2,824,0,279
PrimitiveWrapFactory,2,824,0,72
RunScript2,2,824,0,67
RunScript3,2,824,0,86
RunScript4,2,824,0,76
RunScript,2,824,0,76
Shell,2,824,0,346
ByteCode,2,824,0,273
ClassFileWriter,2,824,0,3042
JSConstructor,2,824,0,14
JSFunction,2,824,0,15
JSGetter,2,824,0,15
JSSetter,2,824,0,15
JSStaticFunction,2,824,0,15
Arguments,2,824,0,321
ArrayComprehension,2,824,0,214
ArrayComprehensionLoop,2,824,0,100
ArrayLiteral,2,824,0,226
Assignment,2,824,0,70
AstNode,2,824,0,627
AstRoot,2,824,0,184
Block,2,824,0,98
BreakStatement,2,824,0,134
CatchClause,2,824,0,209
Comment,3,824,0,143
ConditionalExpression,2,824,0,200
ContinueStatement,2,824,0,147
DestructuringForm,2,824,0,61
DoLoop,2,824,0,121
ElementGet,2,824,0,171
EmptyExpression,2,824,0,77
ErrorCollector,2,824,0,124
ErrorNode,2,824,0,93
ExpressionStatement,2,824,0,155
ForInLoop,2,824,0,185
ForLoop,2,824,0,166
FunctionCall,2,824,0,196
FunctionNode,2,824,0,463
IdeErrorReporter,2,824,0,97
IfStatement,2,824,0,213
InfixExpression,5,824,0,214
Jump,2,824,0,168
KeywordLiteral,2,824,0,134
LabeledStatement,2,824,0,162
Label,2,824,0,109
LetNode,2,824,0,183
Loop,2,824,0,115
Name,2,824,0,182
NewExpression,2,824,0,131
NodeVisitor,2,824,0,59
NumberLiteral,2,824,0,130
ObjectLiteral,2,824,0,168
ObjectProperty,2,824,0,140
ParenthesizedExpression,2,824,0,110
ParseProblem,2,824,0,116
PropertyGet,2,824,0,132
RegExpLiteral,2,824,0,110
ReturnStatement,2,824,0,112
Scope,2,824,0,290
ScriptNode,2,824,0,351
StringLiteral,2,824,0,130
SwitchCase,2,824,0,186
SwitchStatement,2,824,0,211
Symbol,2,824,0,166
ThrowStatement,2,824,0,120
TryStatement,2,824,0,200
UnaryExpression,2,824,0,187
VariableDeclaration,2,824,0,170
VariableInitializer,2,824,0,158
WhileLoop,2,824,0,111
WithStatement,2,824,0,165
XmlDotQuery,2,824,0,102
XmlElemRef,2,824,0,171
XmlExpression,2,824,0,114
XmlFragment,2,824,0,63
XmlLiteral,2,824,0,122
XmlMemberGet,2,824,0,126
XmlPropRef,2,824,0,123
XmlRef,2,824,0,136
XmlString,2,824,0,94
Yield,2,824,0,107
BaseFunction,2,824,0,598
BoundFunction,2,824,0,111
Callable,2,824,0,59
ClassCache,2,824,0,228
ClassShutter,2,824,0,89
CodeGenerator,2,824,0,1503
CompilerEnvirons,2,824,0,350
ConstProperties,2,824,0,109
ContextAction,2,824,0,58
ContextFactory,2,824,0,618
Context,2,824,0,2672
ContextListener,2,824,0,60
ContinuationPending,2,824,0,98
DebugFrame,2,824,0,91
DebuggableObject,2,824,0,61
DebuggableScript,2,824,0,119
Debugger,2,824,0,69
Decompiler,2,824,0,920
DefaultErrorReporter,2,824,0,112
DefiningClassLoader,2,824,0,88
Delegator,2,824,0,265
DToA,2,824,0,1271
EcmaError,2,824,0,161
ErrorReporter,2,824,0,105
EvaluatorException,2,824,0,123
Evaluator,2,824,0,120
FieldAndMethods,2,824,0,88
Function,2,824,0,83
FunctionObject,2,824,0,572
GeneratedClassLoader,2,824,0,66
Icode,2,824,0,279
IdFunctionCall,2,824,0,55
IdFunctionObject,2,824,0,196
IdScriptableObject,2,824,0,815
ImporterTopLevel,2,824,0,323
InterfaceAdapter,2,824,0,156
InterpretedFunction,2,824,0,235
InterpreterData,2,824,0,191
Interpreter,2,824,0,3111
IRFactory,2,824,0,2238
JavaAdapter,2,824,0,1148
JavaMembers,2,824,0,893
JavaScriptException,2,824,0,120
VMBridge_jdk13,2,824,0,165
VMBridge_jdk15,2,824,0,89
JsonLexer,2,824,0,282
JsonParser,2,824,0,361
Kit,2,824,0,470
LazilyLoadedCtor,2,824,0,169
MemberBox,2,824,0,370
NativeArray,2,824,0,1762
NativeBoolean,2,824,0,174
NativeCall,2,824,0,156
NativeContinuation,2,824,0,139
NativeDate,2,824,0,1681
NativeError,2,824,0,232
NativeFunction,2,824,0,170
NativeGenerator,2,824,0,287
NativeGlobal,2,824,0,795
NativeIterator,2,824,0,267
NativeJavaArray,2,824,0,179
NativeJavaClass,2,824,0,329
NativeJavaConstructor,2,824,0,86
NativeJavaMethod,2,824,0,554
NativeJavaObject,2,824,0,1001
NativeJavaPackage,2,824,0,217
NativeJavaTopPackage,2,824,0,186
NativeJSON,2,824,0,523
NativeMath,2,824,0,402
NativeNumber,2,824,0,280
NativeObject,2,824,0,520
NativeScript,2,824,0,228
NativeString,2,824,0,799
NativeWith,2,824,0,207
Node,2,824,0,1292
NodeTransformer,2,824,0,590
ObjArray,2,824,0,388
ObjToIntMap,2,824,0,696
Block,2,824,0,620
ClassCompiler,2,824,0,220
Codegen,2,824,0,5103
DataFlowBitSet,2,824,0,135
OptFunctionNode,2,824,0,151
Optimizer,2,824,0,510
OptRuntime,2,824,0,311
OptTransformer,2,824,0,135
Parser,6,824,0,3819
PolicySecurityController,2,824,0,222
RefCallable,2,824,0,59
Ref,2,824,0,64
NativeRegExpCtor,2,824,0,295
NativeRegExp,2,824,0,2794
RegExpProxy,2,824,0,72
RegExpImpl,2,824,0,761
SubString,2,824,0,76
RhinoException,2,824,0,308
Scriptable,2,824,0,338
ScriptableObject,2,824,0,3106
Script,2,824,0,72
ScriptRuntime,2,824,0,4022
SecureCaller,2,824,0,195
SecurityController,2,824,0,211
SecurityUtilities,2,824,0,79
ScriptableInputStream,2,824,0,113
ScriptableOutputStream,2,824,0,219
SpecialRef,2,824,0,155
Synchronizer,2,824,0,81
Token,3,824,0,463
TokenStream,3,824,0,1644
UintMap,2,824,0,657
Undefined,2,824,0,60
UniqueTag,2,824,0,121
VMBridge,2,824,0,183
WrapFactory,2,824,0,183
WrappedException,2,824,0,92
Wrapper,2,824,0,58
XMLLib,2,824,0,173
XMLObject,2,824,0,138
JsDriver,2,824,0,842
JsTestsBase,2,824,0,55
ShellTest,2,824,0,391
StandardTests,2,824,0,211
TestUtils,2,824,0,79
TestErrorReporter,2,824,0,73
ApplyOnPrimitiveNumberTest,2,824,0,34
ArrayConcatTest,2,824,0,34
Bug409702Test,2,824,0,48
Bug412433Test,2,824,0,24
Bug419940Test,2,824,0,36
Bug421071Test,2,824,0,117
Bug448816Test,2,824,0,93
Bug467396Test,2,824,0,50
Bug482203,2,824,0,54
Bug492525Test,2,824,0,15
Bug496585,2,824,0,34
ClassShutterExceptionTest,2,824,0,78
ContextFactoryTest,2,824,0,48
ContinuationsApiTest,2,824,0,262
CustomSetterAcceptNullScriptableTest,2,824,0,67
DefineClassTest,2,824,0,175
DefineFunctionPropertiesTest,2,824,0,87
DeletePropertyTest,2,824,0,41
DoctestsTest,2,824,0,99
ObjectGetOwnPropertyDescriptorTest,2,824,0,32
ObjectGetOwnPropertyNamesTest,2,824,0,27
ObjectKeysTest,2,824,0,28
Evaluator,2,824,0,30
GeneratedClassNameTest,2,824,0,43
GeneratedMethodNameTest,2,824,0,79
GlobalParseXTest,2,824,0,54
JavaAcessibilityTest,2,824,0,127
JsonLexerTest,2,824,0,58
JsonParserTest,2,824,0,184
JsTestsTest,2,824,0,39
MozillaSuiteTest,2,824,0,233
NativeArrayTest,2,824,0,113
NativeStringTest,2,824,0,39
ObserveInstructionCountTest,2,824,0,117
ParserTest,5,824,0,1219
PrimitiveTypeScopeResolutionTest,2,824,0,161
PrivateAccessClass,2,824,0,101
StackTraceTest,2,824,0,47
StrictModeApiTest,2,824,0,58
TypeOfTest,2,824,0,132
Utils,2,824,0,38
Dim,2,824,0,1554
GuiCallback,2,824,0,71
Main,2,824,0,431
ScopeProvider,2,824,0,52
SwingGui,2,824,0,3598
AbstractCellEditor,2,824,0,89
JTreeTable,2,824,0,388
TreeTableModelAdapter,2,824,0,147
TreeTableModel,2,824,0,81
CodePrinter,2,824,0,213
FileBody,2,824,0,191
IdValuePair,2,824,0,58
Main,2,824,0,612
SwitchGenerator,2,824,0,491
Main,2,824,0,395
ConsoleTextArea,2,824,0,304
Environment,2,824,0,138
Global,2,824,0,1199
JavaPolicySecurity,2,824,0,249
JSConsole,2,824,0,228
Main,2,824,0,618
ParsedContentType,2,824,0,61
QuitAction,2,824,0,50
SecurityProxy,2,824,0,48
ShellContextFactory,2,824,0,127
ShellLine,2,824,0,178
SourceReader,2,824,0,124
ToolErrorReporter,2,824,0,225
Namespace,2,824,0,384
QName,2,824,0,396
XMLCtor,2,824,0,289
XML,2,824,0,773
XMLLibImpl,2,824,0,651
XMLList,2,824,0,820
XMLName,2,824,0,475
XmlNode,2,824,0,902
XMLObjectImpl,2,824,0,850
XmlProcessor,2,824,0,466
XMLWithScope,2,824,0,126
ByteCode,1,375,0,0
ClassFileWriter,1,375,0,0
JSConstructor,1,375,0,0
JSFunction,1,375,0,0
JSGetter,1,375,0,0
JSSetter,1,375,0,0
JSStaticFunction,1,375,0,0
Arguments,1,375,0,0
ArrayComprehension,1,375,0,0
ArrayComprehensionLoop,2,375,1,1
ArrayLiteral,1,375,0,0
Assignment,1,375,0,0
AstNode,2,375,3,0
AstRoot,1,375,0,0
Block,1,375,0,0
BreakStatement,1,375,0,0
CatchClause,1,375,0,0
Comment,1,375,0,0
ConditionalExpression,1,375,0,0
ContinueStatement,1,375,0,0
DestructuringForm,1,375,0,0
DoLoop,1,375,0,0
ElementGet,1,375,0,0
EmptyExpression,1,375,0,0
EmptyStatement,1,271,0,0
ErrorCollector,1,375,0,0
ErrorNode,1,375,0,0
ExpressionStatement,1,375,0,0
ForInLoop,1,375,0,0
ForLoop,1,375,0,0
FunctionCall,1,375,0,0
FunctionNode,2,375,13,2
GeneratorExpression,1,271,0,0
GeneratorExpressionLoop,1,271,0,0
IdeErrorReporter,1,375,0,0
IfStatement,1,375,0,0
InfixExpression,1,375,0,0
Jump,1,375,0,0
KeywordLiteral,2,375,1,1
LabeledStatement,1,375,0,0
Label,1,375,0,0
LetNode,1,375,0,0
Loop,1,375,0,0
Name,1,375,0,0
NewExpression,1,375,0,0
NodeVisitor,1,375,0,0
NumberLiteral,1,375,0,0
ObjectLiteral,1,375,0,0
ObjectProperty,1,375,0,0
ParenthesizedExpression,1,375,0,0
ParseProblem,1,375,0,0
PropertyGet,1,375,0,0
RegExpLiteral,1,375,0,0
ReturnStatement,1,375,0,0
Scope,1,375,0,0
ScriptNode,1,375,0,0
StringLiteral,1,375,0,0
SwitchCase,1,375,0,0
SwitchStatement,1,375,0,0
Symbol,1,375,0,0
ThrowStatement,1,375,0,0
TryStatement,1,375,0,0
UnaryExpression,2,375,4,4
VariableDeclaration,2,375,19,5
VariableInitializer,1,375,0,0
WhileLoop,1,375,0,0
WithStatement,1,375,0,0
XmlDotQuery,1,375,0,0
XmlElemRef,1,375,0,0
XmlExpression,1,375,0,0
XmlFragment,1,375,0,0
XmlLiteral,1,375,0,0
XmlMemberGet,1,375,0,0
XmlPropRef,1,375,0,0
XmlRef,1,375,0,0
XmlString,1,375,0,0
Yield,1,375,0,0
BaseFunction,1,375,0,0
BoundFunction,2,375,3,0
Callable,1,375,0,0
ClassCache,1,375,0,0
ClassShutter,1,375,0,0
CodeGenerator,1,375,0,0
ModuleScope,1,375,0,0
ModuleScript,1,375,0,0
ModuleScriptProvider,1,375,0,0
CachingModuleScriptProviderBase,1,375,0,0
DefaultUrlConnectionExpiryCalculator,1,375,0,0
ModuleSource,1,375,0,0
ModuleSourceProviderBase,1,375,0,0
ModuleSourceProvider,1,375,0,0
MultiModuleScriptProvider,1,375,0,0
ParsedContentType,1,375,0,0
SoftCachingModuleScriptProvider,1,375,0,0
StrongCachingModuleScriptProvider,1,375,0,0
UrlConnectionExpiryCalculator,1,375,0,0
UrlConnectionSecurityDomainProvider,1,375,0,0
UrlModuleSourceProvider,1,375,0,0
RequireBuilder,1,375,0,0
Require,1,375,0,0
CompilerEnvirons,3,375,12,25
ConsString,2,375,10,1
ConstProperties,1,375,0,0
ContextAction,1,375,0,0
ContextFactory,1,375,0,0
Context,1,375,0,0
ContextListener,1,375,0,0
ContinuationPending,1,375,0,0
DebugFrame,1,375,0,0
DebuggableObject,1,375,0,0
DebuggableScript,1,375,0,0
Debugger,1,375,0,0
Decompiler,1,375,0,0
DefaultErrorReporter,1,375,0,0
DefiningClassLoader,1,375,0,0
Delegator,1,375,0,0
DToA,1,375,0,0
EcmaError,1,375,0,0
ErrorReporter,1,375,0,0
EvaluatorException,1,375,0,0
Evaluator,1,375,0,0
Function,1,375,0,0
FunctionObject,1,375,0,0
GeneratedClassLoader,1,375,0,0
Icode,1,375,0,0
IdFunctionCall,1,375,0,0
IdFunctionObject,2,375,1,1
IdScriptableObject,1,375,0,0
ImporterTopLevel,1,375,0,0
InterfaceAdapter,2,375,61,39
InterpretedFunction,1,375,0,0
InterpreterData,1,375,0,0
Interpreter,1,375,0,0
IRFactory,2,375,157,5
JavaAdapter,2,375,121,52
JavaMembers,1,375,0,0
JavaScriptException,1,375,0,0
VMBridge_jdk13,2,375,24,4
VMBridge_jdk15,1,375,0,0
JsonParser,2,375,3,0
Kit,1,375,0,0
LazilyLoadedCtor,1,375,0,0
MemberBox,1,375,0,0
NativeArray,2,375,7,4
NativeBoolean,1,375,0,0
NativeCall,1,375,0,0
NativeContinuation,1,375,0,0
NativeDate,1,375,0,0
NativeError,1,375,0,0
NativeFunction,2,375,2,0
NativeGenerator,2,375,0,17
NativeGlobal,1,375,0,0
NativeIterator,1,375,0,0
NativeJavaArray,1,375,0,0
NativeJavaClass,2,375,23,9
NativeJavaConstructor,1,375,0,0
NativeJavaMethod,1,375,0,0
NativeJavaObject,2,375,34,37
NativeJavaPackage,2,375,8,1
NativeJavaTopPackage,2,375,1,1
NativeJSON,2,375,2,2
NativeMath,1,375,0,0
NativeNumber,1,375,0,0
NativeObject,2,375,11,11
NativeScript,1,375,0,0
NativeString,1,375,0,0
NativeWith,1,375,0,0
Node,1,375,0,0
NodeTransformer,1,375,0,0
ObjArray,1,375,0,0
ObjToIntMap,1,375,0,0
Block,1,375,0,0
ClassCompiler,1,375,0,0
Codegen,1,375,0,0
OptFunctionNode,1,375,0,0
Optimizer,1,375,0,0
OptRuntime,1,375,0,0
OptTransformer,1,375,0,0
Parser,3,375,180,58
PolicySecurityController,1,375,0,0
RefCallable,1,375,0,0
Ref,2,375,3,0
NativeRegExpCtor,1,375,0,0
NativeRegExp,1,375,0,0
RegExpProxy,1,375,0,0
RegExpImpl,1,375,0,0
SubString,1,375,0,0
RhinoException,2,375,2,0
RhinoSecurityManager,1,375,0,0
Scriptable,1,375,0,0
ScriptableObject,2,375,4,2
Script,1,375,0,0
ScriptRuntime,2,375,36,32
ScriptStackElement,2,375,2,0
SecureCaller,1,375,0,0
SecurityController,1,375,0,0
SecurityUtilities,1,375,0,0
ScriptableInputStream,1,375,0,0
ScriptableOutputStream,1,375,0,0
SpecialRef,1,375,0,0
Synchronizer,1,375,0,0
Token,2,375,3,1
TokenStream,1,375,0,0
TopLevel,1,375,0,0
UintMap,1,375,0,0
Undefined,1,375,0,0
UniqueTag,1,375,0,0
CachedPowers,1,375,0,0
DiyFp,1,375,0,0
DoubleHelper,1,375,0,0
FastDtoaBuilder,1,375,0,0
FastDtoa,1,375,0,0
VMBridge,1,375,0,0
WrapFactory,1,375,0,0
WrappedException,1,375,0,0
Wrapper,1,375,0,0
XMLLib,1,375,0,0
XMLObject,2,375,3,0
JsDriver,1,375,0,0
JsTestsBase,1,375,0,0
ShellTest,1,375,0,0
StandardTests,1,375,0,0
TestUtils,1,375,0,0
TestErrorReporter,1,375,0,0
ApplyOnPrimitiveNumberTest,1,375,0,0
ArrayConcatTest,1,375,0,0
Bug409702Test,1,375,0,0
Bug412433Test,1,375,0,0
Bug419940Test,1,375,0,0
Bug421071Test,1,375,0,0
Bug448816Test,1,375,0,0
Bug466207Test,1,375,0,0
Bug467396Test,1,375,0,0
Bug482203,2,375,0,54
Bug482203Test,1,271,0,0
Bug491621Test,1,271,0,0
Bug492525Test,1,375,0,0
Bug496585,2,375,0,34
Bug496585Test,1,271,0,0
Bug687669Test,1,271,0,0
Bug688018Test,1,271,0,0
Bug688021Test,1,271,0,0
Bug689308Test,1,271,0,0
Bug689314Test,1,271,0,0
Bug714204Test,1,271,0,0
ClassShutterExceptionTest,1,375,0,0
ComplianceTest,1,375,0,0
RequireJarTest,1,375,0,0
RequireTest,1,375,0,0
ContextFactoryTest,1,375,0,0
ContinuationsApiTest,2,375,143,0
CustomSetterAcceptNullScriptableTest,1,375,0,0
DecompileTest,1,375,0,0
DefineClassTest,1,375,0,0
DefineFunctionPropertiesTest,1,375,0,0
DeletePropertyTest,1,375,0,0
DoctestsTest,1,375,0,0
ErrorPropertiesTest,1,375,0,0
ObjectGetOwnPropertyDescriptorTest,1,375,0,0
ObjectGetOwnPropertyNamesTest,1,375,0,0
ObjectKeysTest,1,375,0,0
Test262RegExpTest,1,375,0,0
Evaluator,1,375,0,0
FunctionTest,1,375,0,0
GeneratedClassNameTest,1,375,0,0
GeneratedMethodNameTest,1,375,0,0
GlobalParseXTest,1,375,0,0
JavaAcessibilityTest,1,375,0,0
JsonParserTest,1,375,0,0
JsTestsTest,1,375,0,0
MozillaSuiteTest,1,375,0,0
NativeArrayTest,1,375,0,0
NativeStringTest,1,375,0,0
ObserveInstructionCountTest,1,375,0,0
ParserTest,2,375,18,11
PrimitiveTypeScopeResolutionTest,1,375,0,0
PrivateAccessClass,1,375,0,0
StackTraceTest,1,375,0,0
StrictModeApiTest,1,375,0,0
TypeOfTest,1,375,0,0
Utils,1,375,0,0
WriteReadOnlyPropertyTest,1,375,0,0
Dim,1,375,0,0
GuiCallback,1,375,0,0
Main,1,375,0,0
ScopeProvider,1,375,0,0
SourceProvider,1,375,0,0
SwingGui,1,375,0,0
AbstractCellEditor,1,375,0,0
JTreeTable,1,375,0,0
TreeTableModelAdapter,1,375,0,0
TreeTableModel,1,375,0,0
CodePrinter,1,375,0,0
FileBody,1,375,0,0
IdValuePair,1,375,0,0
Main,1,375,0,0
SwitchGenerator,1,375,0,0
Main,1,375,0,0
ConsoleTextArea,1,375,0,0
Environment,1,375,0,0
Global,1,375,0,0
JavaPolicySecurity,1,375,0,0
JSConsole,1,375,0,0
Main,1,375,0,0
QuitAction,1,375,0,0
SecurityProxy,1,375,0,0
ShellContextFactory,1,375,0,0
ShellLine,1,375,0,0
SourceReader,1,375,0,0
ToolErrorReporter,1,375,0,0
Namespace,1,375,0,0
QName,1,375,0,0
XMLCtor,1,375,0,0
XML,1,375,0,0
XMLLibImpl,1,375,0,0
XMLList,1,375,0,0
XMLName,1,375,0,0
XmlNode,1,375,0,0
XMLObjectImpl,1,375,0,0
XmlProcessor,1,375,0,0
XMLWithScope,1,375,0,0
Base64,1,1007,0,0
Base64VLQ,2,1007,24,11
FilePosition,4,1171,6,6
SourceMapConsumerFactory,6,1092,36,28
SourceMapConsumer,3,1092,0,0
SourceMapConsumerV1,5,1092,5,4
SourceMapConsumerV2,6,1092,21,3
SourceMapConsumerV3,13,1007,257,14
SourceMapFormat,4,1087,4,1
SourceMapGeneratorFactory,5,1087,3,1
SourceMapGenerator,5,1171,13,26
SourceMapGeneratorV1,6,1171,8,2
SourceMapGeneratorV2,12,1171,106,213
SourceMapGeneratorV3,8,1007,72,33
SourceMapLineDecoder,8,1092,6,16
SourceMapParseException,3,1092,0,0
SourceMapping,3,1092,0,0
SourceMappingReversable,1,762,0,0
SourceMapSection,8,1171,64,14
SourceMapSupplier,2,914,2,2
Util,4,1171,9,9
AbstractCommandLineRunner,76,1863,1359,380
AbstractCompiler,37,1955,180,20
AbstractCompilerRunner,18,1955,0,850
AbstractMessageFormatter,9,1955,2,3
AbstractPeepholeOptimization,23,1761,99,33
AliasExternals,24,1955,114,98
AliasKeywords,19,1955,95,46
AliasStrings,20,1955,34,56
AmbiguateProperties,31,1955,186,135
AnalyzeNameReferences,11,1955,9,9
AnalyzePrototypeProperties,27,1955,317,128
AnonymousFunctionNamingCallback,15,1955,11,18
AnonymousFunctionNamingPolicy,4,1955,1,1
AntErrorManager,8,1909,1,2
CompileTask,29,1909,362,45
Warning,1,307,0,0
AstChangeProxy,11,1955,6,4
AstParallelizer,14,1955,18,23
AstValidator,15,1044,47,27
BasicErrorManager,10,1955,39,24
ByPathWarningsGuard,1,160,0,0
CallGraph,12,1677,368,251
ChainableReverseAbstractInterpreter,12,1955,0,592
ChainCalls,11,1955,11,14
CheckAccessControls,27,1955,187,83
CheckAccidentalSemicolon,12,1955,6,11
CheckDebuggerStatement,2,549,1,2
CheckGlobalNames,20,1955,160,36
CheckGlobalThis,23,1955,67,24
CheckLevel,8,1955,1,2
CheckLevelLegacy,8,1955,1,2
CheckMissingGetCssName,15,1955,19,26
CheckMissingReturn,19,1955,29,19
CheckPathsBetweenNodes,12,1955,96,15
CheckPropertyOrder,10,1250,0,349
CheckProvides,13,1955,25,9
CheckRegExp,10,1806,26,7
CheckRequiresForConstructors,15,1955,43,12
CheckSideEffects,21,1955,133,43
CheckUnreachableCode,15,1955,38,10
CleanupPasses,2,326,2,2
ClosureCodeRemoval,9,1669,83,13
ClosureCodingConvention,42,1955,232,92
ClosureOptimizePrimitives,7,992,9,10
ClosureReverseAbstractInterpreter,14,1955,0,234
CoalesceVariableNames,33,1955,172,148
CodeChangeHandler,9,1955,13,2
CodeConsumer,22,1955,69,37
CodeGenerator,71,1955,515,186
CodePrinter,30,1955,282,155
CodingConventionAnnotator,4,1955,0,97
CodingConvention,36,1955,153,37
CodingConventions,10,581,67,26
CollapseAnonymousFunctions,13,1955,16,11
CollapseProperties,43,1955,290,159
CollapseVariableDeclarations,23,1955,100,250
CombinedCompilerPass,12,1955,41,20
CommandLineRunner,64,1863,802,53
CompilationLevel,36,1955,78,29
CompilerInput,28,1955,222,56
Compiler,151,1955,1291,790
CompilerOptions,113,1955,1408,157
CompilerPass,9,1955,2,3
CompilerRunner,10,1955,0,157
ComposeWarningsGuard,17,1955,82,14
ConcreteType,18,1955,14,18
ConstCheck,13,1955,9,14
ControlFlowAnalysis,24,1955,134,72
ControlFlowGraph,17,1955,69,33
ControlStructureCheck,13,1955,28,140
ConvertToDottedProperties,17,1955,15,6
CreateSyntheticBlocks,12,1955,134,77
CrossModuleCodeMotion,23,1955,67,47
CrossModuleMethodMotion,19,1955,52,33
CssRenamingMap,15,1955,28,2
CustomPassExecutionTime,4,1955,1,1
DataFlowAnalysis,19,1955,17,76
DeadAssignmentsElimination,25,1955,279,40
DefaultCodingConvention,25,1955,0,182
DefaultPassConfig,167,1955,1412,319
DefinitionProvider,8,1955,1,2
DefinitionSite,8,1955,1,2
DefinitionsRemover,27,1955,146,70
Denormalize,15,1955,49,10
DependencyOptions,3,411,15,4
DependencyInfo,6,1825,2,4
DepsFileParser,10,1817,70,32
DepsGenerator,3,837,3,3
JsFileLineParser,9,1817,101,40
JsFileParser,12,1817,87,26
JsFunctionParser,5,1382,21,17
PathUtil,1,837,0,0
SimpleDependencyInfo,6,1825,2,4
SortedDependencies,16,1795,171,6
DevirtualizePrototypeMethods,25,1955,137,46
DiagnosticGroup,9,1955,34,8
DiagnosticGroups,44,1955,179,39
DiagnosticGroupWarningsGuard,8,1955,11,4
DiagnosticType,9,1955,17,3
DisambiguateProperties,38,1955,243,98
DotFormatter,9,1955,25,26
EmptyMessageBundle,1,628,0,0
ErrorFormat,6,1955,11,1
ErrorHandler,1,301,0,0
ErrorManager,10,1955,3,3
ErrorPass,9,1850,16,17
ExpandJqueryAliases,10,420,583,158
ExploitAssigns,5,1133,13,13
ExportTestFunctions,20,1955,93,17
ExpressionDecomposer,23,1955,255,111
ExternExportsPass,30,1955,299,125
ExtractPrototypeMemberDeclarations,21,1955,112,43
FieldCleanupPass,9,743,84,0
FindExportableNodes,14,1955,13,14
FlowScope,8,1955,0,82
FlowSensitiveInlineVariables,29,1955,199,37
FoldConstants,16,1955,0,2001
FunctionArgumentInjector,22,1955,82,71
FunctionCheck,2,1955,0,254
FunctionInjector,32,1955,199,132
FunctionNames,13,1955,8,10
FunctionRewriter,19,1955,34,50
FunctionSideEffectData,2,1439,0,495
FunctionToBlockMutator,25,1955,122,33
FunctionTypeBuilder,52,1955,447,139
GatherRawExports,11,1934,12,11
GatherSideEffectSubexpressionsCallback,14,1955,24,27
GenerateExports,14,1955,42,26
GlobalNamespace,39,1955,347,132
GlobalVarCleanupPass,2,740,0,41
GlobalVarReferenceMap,7,908,79,17
GoogleCodeRemoval,4,1955,0,162
GoogleCodingConvention,15,1955,27,15
GoogleJsMessageIdGenerator,3,632,3,3
AdjacencyGraph,9,1955,4,5
Annotatable,8,1955,1,2
Annotation,8,1955,1,2
DiGraph,10,1955,42,8
FixedPointGraphTraversal,5,1955,2,2
GraphColoring,9,1955,2,4
Graph,12,1955,57,37
GraphNode,8,1955,1,2
GraphPruner,1,940,0,0
GraphReachability,9,1955,33,6
GraphvizGraph,8,1955,1,2
LatticeElement,1,254,0,0
LinkedDirectedGraph,14,1955,160,111
LinkedUndirectedGraph,14,1955,148,71
StandardUnionFind,10,1955,11,8
SubGraph,8,1955,1,2
UndiGraph,6,1955,10,4
UnionFind,9,1955,10,11
GroupVariableDeclarations,12,1821,19,12
HotSwapCompilerPass,5,1005,15,14
IgnoreCajaProperties,11,1932,35,48
InferJSDocInfo,20,1955,131,36
InlineCostEstimator,11,1955,9,16
InlineFunctions,36,1955,272,107
InlineGetters,10,1955,0,302
InlineObjectLiterals,13,971,120,103
InlineProperties,2,182,1,1
InlineSimpleMethods,7,1373,8,9
InlineVariables,28,1955,352,144
InstrumentFunctions,14,1955,34,24
InvocationsCallback,11,1955,9,10
JoinOp,6,1781,3,2
JqueryCodingConvention,3,420,63,69
JsAst,16,1955,23,26
JSError,14,1955,56,49
JsMessageDefinition,5,1770,3,3
JsMessageExtractor,12,1764,15,20
JsMessage,12,1770,252,12
JsMessageVisitor,15,1770,54,37
JSModuleGraph,24,1955,183,37
JSModule,22,1955,94,78
ErrorLevel,4,1549,1,1
JsonMLAst,9,1549,17,2
JsonMLError,6,1549,2,7
JsonMLException,4,1549,1,1
JsonML,5,1549,2,4
JsonMLUtil,4,1549,1,1
NodeUtil,5,1549,2,2
Reader,13,1549,106,67
SecureCompiler,7,1549,10,8
TagAttr,4,1549,1,1
TagType,5,1549,3,3
Validator,5,1549,12,4
Writer,10,1549,42,40
JSSourceFile,13,1955,22,7
JvmMetrics,1,303,0,0
LatticeElement,10,1791,0,26
LightweightMessageFormatter,16,1955,28,8
LineNumberCheck,9,1955,18,7
LinkedFlowScope,15,1955,23,26
LiveVariablesAnalysis,18,1955,24,13
LocaleUtil,7,1955,0,66
LoggerErrorManager,10,1955,12,4
MakeDeclaredNamesUnique,20,1955,280,111
MarkNoSideEffectCalls,12,1955,11,12
MaybeReachingVariableUse,18,1955,24,13
MemoizedScopeCreator,9,1955,53,3
MessageBundle,10,1770,3,13
MessageFormatter,8,1955,1,2
MethodCheck,3,1955,0,118
MethodCompilerPass,19,1955,40,61
MinimizeExitPoints,12,1955,17,17
MoveFunctionDeclarations,11,1955,5,10
MustBeReachingVariableDef,26,1955,110,43
NameAnalyzer,41,1955,493,308
NameAnonymousFunctions,11,1955,6,6
NameAnonymousFunctionsMapped,12,1955,8,8
NameGenerator,10,1955,8,9
NameReferenceGraphConstruction,23,1955,64,55
NameReferenceGraph,15,1955,19,25
NameReferenceGraphReport,8,1724,3,5
NodeIterators,9,1955,67,39
NodeNameExtractor,9,1955,2,2
NodeTraversal,25,1955,120,35
NodeTypeNormalizer,4,1955,0,138
NodeUtil,133,1955,1787,508
Normalize,39,1955,588,237
ObjectPropertyStringPostprocess,11,1955,7,5
ObjectPropertyStringPreprocess,16,1955,30,16
OperaCompoundAssignFix,6,1068,0,152
OptimizeArgumentsArray,17,1955,29,15
OptimizeCalls,7,1468,10,10
OptimizeParametersAlt,2,1552,0,705
OptimizeParameters,26,1955,377,195
OptimizeReturns,16,1468,36,124
ParallelCompilerPass,10,1955,20,21
Annotation,11,1880,16,2
Config,15,1955,65,16
IRFactory,69,1955,771,529
JsDocInfoParser,61,1955,614,324
JsDocToken,8,1955,1,2
JsDocTokenStream,11,1955,5,7
NullErrorReporter,12,1955,20,14
ParserRunner,23,1955,65,37
TypeSafeDispatcher,12,1955,50,47
PassConfig,20,1955,124,103
PassFactory,8,1955,20,3
PeepholeCollectPropertyAssignments,13,1096,62,37
PeepholeFoldConstants,68,1749,931,567
PeepholeFoldWithTypes,11,1735,25,24
PeepholeOptimizationsPass,10,1761,150,33
PeepholeRemoveDeadCode,37,1753,674,162
PeepholeReplaceKnownMethods,17,857,274,57
PeepholeSimplifyRegExp,3,943,2,2
PeepholeSubstituteAlternateSyntax,61,1761,1120,174
PerformanceTracker,10,1955,128,50
PhaseOptimizer,16,1955,165,20
Position,8,1955,0,47
PotentialCheck,2,1955,0,59
PotentialCheckManager,2,1955,0,47
PrepareAst,20,1866,126,107
PreprocessorSymbolTable,1,719,0,0
PrintStreamErrorManager,9,1955,8,3
ProcessClosurePrimitives,56,1955,825,342
ProcessCommonJSModules,6,405,26,15
ProcessDefines,15,1955,78,39
ProcessTweaks,10,1336,193,42
PropertyRenamingPolicy,4,1955,1,1
PureFunctionIdentifier,34,1955,513,90
RecordFunctionInformation,13,1955,17,15
ReferenceCollectingCallback,31,1955,363,84
CaseCanonicalize,4,942,6,4
CharRanges,3,942,2,1
RegExpTree,4,942,126,21
Region,8,1955,1,2
RemoveConstantExpressions,8,1955,0,134
RemoveConstantExpressionsParallel,7,1955,0,71
RemoveTryCatch,12,1955,7,6
RemoveUnusedClassProperties,6,345,4,2
RemoveUnusedNames,10,1955,10,5
RemoveUnusedPrototypeProperties,15,1955,68,7
RemoveUnusedVars,46,1955,852,163
RenameLabels,10,1955,33,14
RenameProperties,25,1955,192,71
RenamePrototypes,16,1955,31,28
RenameVars,22,1955,212,71
ReorderConstantExpression,4,717,18,30
ReplaceCssNames,19,1955,97,48
ReplaceIdGenerators,18,1955,185,25
ReplaceMessages,16,1770,39,23
ReplaceStrings,17,1785,38,26
RescopeGlobalSymbols,7,531,76,26
Result,6,1955,10,5
ReverseAbstractInterpreter,9,1955,0,44
RhinoErrorReporter,16,1955,94,39
RuntimeTypeCheck,30,1871,92,95
SanityCheck,25,1955,52,23
ScopeCreator,8,1955,1,2
ScopedAliases,26,1783,349,82
Scope,32,1955,226,54
SemanticReverseAbstractInterpreter,20,1955,0,548
ShadowVariables,7,1210,23,9
ShowByPathWarningsGuard,10,1955,38,24
SideEffectsAnalysis,16,1683,661,97
SimpleDefinitionFinder,29,1955,275,27
SimpleFunctionAliasAnalysis,6,1645,26,26
SimpleRegion,9,1955,4,2
SourceAst,10,1955,5,3
SourceExcerptProvider,8,1955,1,2
SourceFile,21,1955,274,48
SourceInformationAnnotator,17,1955,34,23
SourceMap2,4,1613,0,965
FilePosition,2,1209,0,49
SourceMap,34,1955,124,500
SourceMapLegacy,4,1613,0,638
Position,2,1221,0,46
SourceMapGenerator,3,1221,0,96
SourceMapGeneratorV1,3,1221,0,638
SourceMapGeneratorV2,3,1221,0,960
SourceMapSection,2,1209,0,55
Util,2,1221,0,149
SpecializationAwareCompilerPass,5,1645,3,3
SpecializeModule,10,1645,243,222
StatementFusion,9,1240,21,6
StrictModeCheck,22,1955,48,34
StrictWarningsGuard,9,1955,11,4
Strings,7,1878,6,49
StripCode,27,1955,98,104
SuppressDocWarningsGuard,9,1655,13,6
SuspiciousPropertiesCheck,13,1955,0,342
SymbolTable,47,770,1380,45
SyntacticScopeCreator,25,1955,103,54
SyntheticAst,10,1955,18,9
SimpleSourceExcerptProvider,5,1939,2,2
TestErrorReporter,10,1939,6,4
TightenTypes,28,1955,169,89
Tracer,15,1872,60,61
TransformAMDToCJSModule,6,405,5,5
ChainableReverseAbstractInterpreter,6,254,42,5
TypeCheck,83,1955,668,427
ClosureReverseAbstractInterpreter,1,254,0,0
TypedCodeGenerator,29,1955,129,41
TypedScopeCreator,103,1955,1459,697
FlowScope,1,254,0,0
TypeInference,85,1955,573,271
TypeInferencePass,20,1955,24,16
ReverseAbstractInterpreter,1,254,0,0
SemanticReverseAbstractInterpreter,2,254,70,45
TypeValidator,36,1955,245,91
UnfoldCompoundAssignments,9,1642,0,172
UnreachableCodeElimination,22,1955,142,33
UseSite,15,1955,17,4
VarCheck,43,1955,122,49
VariableMap,4,1955,1,1
VariableNameGenerator,9,1955,7,9
VariableReferenceCheck,17,1955,86,31
VariableRenamingPolicy,4,1955,1,1
VariableShadowDeclarationCheck,10,1955,0,144
VariableVisibilityAnalysis,10,1671,43,45
VerboseMessageFormatter,12,1955,7,5
WarningLevel,21,1954,43,13
WarningsGuard,9,1955,28,6
WhitelistWarningsGuard,4,326,125,8
XtbMessageBundle,4,632,2,6
CompilerEnvirons,4,1955,0,234
Context,8,1955,0,1205
Decompiler,5,1955,0,910
DToA,4,1955,0,1273
EcmaError,4,1955,0,144
ErrorReporter,13,1955,5,27
EvaluatorException,6,1955,0,90
FunctionNode,5,1955,0,95
InputId,1,730,0,0
IRFactory,8,1955,0,743
IR,6,474,70,12
JavaScriptException,8,1955,0,74
JSDocInfoBuilder,27,1955,261,32
JSDocInfo,34,1955,437,51
AllType,18,1955,20,24
ArrowType,19,1955,161,84
BooleanLiteralSet,8,1955,2,3
BooleanType,11,1955,11,6
EnumElementType,29,1955,71,26
EnumType,18,1955,49,17
ErrorFunctionType,9,1955,24,14
JSTypeExpression,15,1955,29,15
FunctionBuilder,7,1798,29,6
FunctionParamBuilder,10,1955,17,4
FunctionPrototypeType,13,1955,0,85
FunctionType,79,1955,681,281
IndexedType,8,1955,2,3
InstanceObjectType,27,1955,55,51
JSType,64,1955,509,168
JSTypeNative,8,1955,6,2
JSTypeRegistry,62,1955,603,194
ModificationVisitor,1,94,0,0
NamedType,36,1955,192,91
NoObjectType,25,1955,27,183
NoResolvedType,7,1284,3,3
NoType,14,1955,3,17
NullType,11,1955,11,6
NumberType,11,1955,11,6
ObjectType,41,1955,290,41
ParameterizedType,16,1955,31,4
PrototypeObjectType,43,1955,277,111
ProxyObjectType,44,1955,209,44
RecordTypeBuilder,14,1955,47,12
RecordType,20,1955,94,71
SimpleReference,1,719,0,0
SimpleSlot,10,1955,23,4
SimpleSourceFile,5,853,24,0
StaticReference,2,853,2,2
StaticScope,12,1955,10,5
StaticSlot,10,1955,10,4
StaticSourceFile,3,853,33,0
StaticSymbolTable,3,798,6,1
StringType,11,1955,11,6
TemplateType,12,1955,13,4
TernaryValue,12,1955,10,4
UnionTypeBuilder,22,1955,142,44
UnionType,30,1955,192,64
UnknownType,19,1955,28,17
UnresolvedTypeExpression,5,1786,3,18
ValueType,6,1955,12,4
Visitor,10,1955,12,3
VoidType,10,1955,8,4
Kit,7,1955,0,467
Node,78,1955,2154,1695
ObjArray,5,1955,0,394
ObjToIntMap,10,1955,0,697
Parser,11,1955,0,2438
RhinoException,7,1955,0,265
ScriptOrFnNode,5,1955,0,267
ScriptRuntime,13,1955,19,226
SimpleErrorReporter,13,1955,27,39
SourcePosition,9,1955,18,3
AbstractStaticScope,2,770,1,0
Asserts,9,1901,65,3
BaseJSTypeTestCase,16,1937,38,15
EmptyScope,3,1901,0,69
MapBasedScope,4,1163,1,17
TestErrorReporter,12,1937,10,12
Token,19,1955,37,190
TokenStream,18,1955,119,1611
UintMap,10,1955,0,659
UniqueTag,4,1955,0,119
Base64Test,1,1007,0,0
Base64VLQTest,3,1007,45,30
SourceMapConsumerV1Test,4,1092,3,0
SourceMapConsumerV2Test,4,1092,3,0
SourceMapGeneratorV1Test,9,1171,22,465
SourceMapGeneratorV2Test,10,1171,108,439
SourceMapGeneratorV3Test,7,1007,206,13
SourceMapTestCase,7,1007,107,31
AliasExternalsTest,13,1955,17,6
AliasKeywordsTest,13,1955,39,16
AliasStringsTest,13,1955,83,35
AmbiguatePropertiesTest,19,1955,209,16
AstParallelizerTest,13,1955,45,36
AstValidatorTest,7,1036,6,3
BasicErrorManagerTest,9,1920,7,9
CallGraphTest,8,1677,418,295
ChainCallsTest,8,1955,1,2
CheckAccessControlsTest,14,1955,169,9
CheckAccidentalSemicolonTest,4,1955,1,1
CheckDebuggerStatementTest,1,549,0,0
CheckGlobalNamesTest,18,1955,163,6
CheckGlobalThisTest,14,1955,97,14
CheckMissingGetCssNameTest,10,1955,3,2
CheckMissingReturnTest,10,1955,22,17
CheckPathsBetweenNodesTest,13,1920,133,19
CheckPropertyOrderTest,4,1250,0,467
CheckProvidesTest,9,1955,8,2
CheckRegExpTest,7,1806,11,3
CheckRequiresForConstructorsTest,10,1955,19,5
CheckSideEffectsTest,12,1955,58,17
CheckUnreachableCodeTest,12,1955,75,2
CleanupPassesTest,1,326,0,0
ClosureCodeRemovalTest,6,1669,18,2
ClosureCodingConventionTest,16,1955,132,6
ClosureOptimizePrimitivesTest,3,992,0,0
ClosureReverseAbstractInterpreterTest,6,1920,25,2
CoalesceVariableNamesTest,20,1955,116,10
CodePrinterTest,68,1955,921,99
CollapseAnonymousFunctionsTest,9,1955,11,2
CollapsePropertiesTest,24,1955,415,23
CollapseVariableDeclarationsTest,16,1955,23,96
CombinedCompilerPassTest,13,1955,49,48
CommandLineRunnerTest,90,1863,1037,106
CompilerOptionsTest,5,1955,2,2
CompilerRunnerTest,15,1954,0,149
CompilerTestCase,41,1955,309,65
CompilerTest,14,1670,98,3
CompilerTypeTestCase,18,1955,50,6
ConcreteTypeTest,17,1920,39,21
ConstCheckTest,10,1955,13,2
ControlFlowAnalysisTest,19,1955,424,318
ControlStructureCheckTest,11,1955,51,19
ConvertToDottedPropertiesTest,10,1955,13,2
CreateSyntheticBlocksTest,19,1955,44,10
CrossModuleCodeMotionTest,18,1955,165,5
CrossModuleMethodMotionTest,15,1955,332,25
DataFlowAnalysisTest,14,1920,12,20
DeadAssignmentsEliminationTest,20,1955,363,8
DefaultCodingConventionTest,9,1934,34,6
DefinitionsRemoverTest,10,1955,3,4
DenormalizeTest,10,1955,40,18
DepsFileParserTest,6,1815,26,3
JsFileLineParserTest,7,1804,8,6
JsFileParserTest,9,1815,103,12
JsFunctionParserTest,5,1382,22,20
SortedDependenciesTest,6,1786,66,18
DevirtualizePrototypeMethodsTest,19,1955,161,26
DiagnosticGroupTest,5,1920,2,2
DisambiguatePropertiesTest,32,1955,449,38
DotFormatterTest,4,1920,1,1
ExpandJqueryAliasesTest,6,420,170,80
ExploitAssignsTest,3,1133,0,0
ExportTestFunctionsTest,11,1955,73,9
ExpressionDecomposerTest,12,1457,93,24
ExpresssionDecomposerTest,11,1955,0,444
ExternExportsPassTest,21,1955,382,30
ExtractPrototypeMemberDeclarationsTest,15,1955,165,47
FixedPointGraphTraversalTest,7,1920,6,4
FlowSensitiveInlineVariablesTest,25,1955,288,55
FoldConstantsTest,17,1955,0,1040
FunctionArgumentInjectorTest,13,1955,101,13
FunctionCheckTest,2,1955,0,100
FunctionInjectorTest,32,1955,399,159
FunctionNamesTest,9,1955,3,4
FunctionRewriterTest,11,1955,25,4
FunctionToBlockMutatorTest,15,1955,46,19
FunctionTypeBuilderTest,12,1955,18,17
GatherRawExportsTest,6,1934,10,2
GatherSideEffectSubexpressionsCallbackTest,9,1955,2,3
GenerateExportsTest,13,1955,23,4
GlobalNamespaceTest,7,1920,9,9
GlobalVarReferenceMapTest,6,889,69,21
GoogleCodeRemovalTest,3,1955,0,73
GoogleCodingConventionTest,7,1955,19,7
GraphColoringTest,2,1920,0,213
GraphColoringTest,12,1814,11,14
GraphPrunerTest,1,940,0,0
GraphReachabilityTest,10,1814,10,11
GraphTest,10,1814,40,15
GraphReachabilityTest,2,1920,0,88
StandardUnionFindTest,9,1814,5,6
GraphTest,2,1920,0,359
GroupVariableDeclarationsTest,6,1821,7,2
IgnoreCajaPropertiesTest,10,1932,12,9
InferJSDocInfoTest,9,1937,8,21
InlineCostEstimatorTest,6,1955,5,3
InlineFunctionsTest,40,1955,986,136
InlineGettersTest,6,1955,0,234
InlineObjectLiteralsTest,6,971,171,57
InlinePropertiesTest,2,182,1,1
InlineSimpleMethodsTest,4,1373,1,1
InlineVariablesConstantsTest,7,1955,17,5
InlineVariablesTest,21,1955,572,7
InstrumentFunctionsTest,10,1955,10,2
IntegrationTestCase,3,194,3,5
IntegrationTest,32,359,415,163
JSCompilerSourceExcerptProviderTest,11,1955,19,5
JsMessageExtractorTest,12,1764,37,7
JsMessageTest,6,1769,19,1
JsMessageVisitorTest,6,1769,27,4
JSModuleGraphTest,15,1920,171,15
JSModuleTest,12,1955,52,21
JsonMLConversionTest,8,1368,34,39
JsonMLValidationTest,5,1372,4,2
SecureCompilerTest,3,1372,0,0
LightweightMessageFormatterTest,8,1920,21,1
LinkedFlowScopeTest,8,1920,16,6
LiveVariableAnalysisTest,16,1955,22,6
LooseTypeCheckTest,65,1802,354,352
MakeDeclaredNamesUniqueTest,13,1955,174,30
MarkNoSideEffectCallsTest,10,1955,4,6
MaybeReachingVariableUseTest,14,1955,20,15
MemoizedScopeCreatorTest,7,1955,8,4
MethodCheckTest,3,1955,0,111
MinimizeExitPointsTest,8,1955,50,44
MoveFunctionDeclarationsTest,9,1955,2,3
MustBeReachingVariableDefTest,16,1955,36,15
NameAnalyzerTest,22,1955,515,18
NameAnonymousFunctionsMappedTest,9,1955,3,4
NameAnonymousFunctionsTest,9,1955,3,4
NodeIteratorsTest,8,1955,11,8
NodeTraversalTest,8,1955,8,5
NodeTypeNormalizerTest,4,1955,0,52
NodeUtilTest,46,1955,1043,137
NormalizeTest,27,1955,351,58
ObjectPropertyStringPostprocessTest,8,1955,1,2
ObjectPropertyStringPreprocessTest,9,1955,6,2
OperaCompoundAssignFixTest,4,1068,0,136
OptimizeArgumentsArrayTest,15,1955,24,15
OptimizeCallsTest,1,859,0,0
OptimizeParametersAltTest,2,1551,0,338
OptimizeParametersTest,19,1955,336,12
OptimizeReturnsTest,8,1468,84,10
ParallelCompilerPassTest,11,1955,20,21
IRFactoryTest,40,1939,354,357
JsDocInfoParserTest,48,1939,639,180
JsDocTokenStreamTest,6,1939,3,4
ParserTest,44,1939,349,49
PeepholeCollectPropertyAssignmentsTest,8,1096,129,15
PeepholeFoldConstantsTest,56,1740,800,106
PeepholeFoldWithTypesTest,5,1735,16,16
PeepholeIntegrationTest,21,1740,130,38
PeepholeOptimizationsPassTest,12,1761,36,34
PeepholeRemoveDeadCodeTest,21,1740,475,48
PeepholeReplaceKnownMethodsTest,13,857,80,11
PeepholeSimplifyRegExpTest,2,943,27,9
PeepholeSubstituteAlternateSyntaxTest,42,1740,787,122
PhaseOptimizerTest,9,1955,53,4
PrepareAstTest,7,1760,27,4
ProcessClosurePrimitivesTest,32,1955,440,24
ProcessCommonJSModulesTest,3,405,13,21
ProcessDefinesTest,12,1955,81,12
ProcessTweaksTest,7,1336,173,15
PureFunctionIdentifierTest,26,1955,606,10
RecordFunctionInformationTest,10,1955,105,34
CharRangesTest,1,943,0,0
CompileEachLineOfProgramOutput,5,1927,5,5
RemoveConstantExpressionsParallelTest,6,1955,0,60
RemoveConstantExpressionsTest,8,1955,0,280
RemoveTryCatchTest,7,1955,6,8
RemoveUnusedClassPropertiesTest,5,345,17,2
RemoveUnusedNamesTest,7,1955,8,3
RemoveUnusedPrototypePropertiesTest,12,1955,176,5
RemoveUnusedVarsTest,32,1955,573,28
RenameLabelsTest,6,1955,6,2
RenameLocalVarsTest,7,1955,4,3
RenamePropertiesTest,18,1955,87,15
RenamePrototypesTest,9,1955,57,22
RenameVarsTest,19,1955,163,15
ReorderConstantExpressionTest,3,717,3,2
ReplaceCssNamesTest,14,1955,69,18
ReplaceIdGeneratorsTest,12,1955,178,20
ReplaceMessagesTest,7,1769,102,99
ReplaceStringsTest,15,1785,54,16
RescopeGlobalSymbolsTest,3,531,63,0
RhinoErrorReporterTest,9,1871,25,13
RuntimeTypeCheckTest,17,1871,82,33
SanityCheckTest,15,1955,37,19
ScopedAliasesTest,23,1783,574,7
SemanticReverseAbstractInterpreterTest,7,1920,118,88
ShadowVariablesTest,6,1210,45,4
SideEffectsAnalysisTest,7,1683,584,88
SimpleDefinitionFinderTest,19,1955,98,27
SimpleFunctionAliasAnalysisTest,6,1645,44,44
SourceInformationAnnotatorTest,2,1033,0,1
SourceMap2Test,5,1613,0,774
SourceMapGeneratorV1Test,3,1221,0,901
SourceMapGeneratorV2Test,3,1221,0,777
SourceMapTest,21,779,3,0
SpecializeModuleTest,13,1645,91,91
StatementFusionTest,5,1240,5,0
StrictModeCheckTest,9,1920,46,21
StripCodeTest,16,1955,127,8
SuspiciousPropertiesCheckTest,10,1955,0,179
SymbolTableTest,49,770,896,18
SyntacticScopeCreatorTest,12,1955,41,6
TightenTypesTest,10,1955,9,9
TransformAMDToCJSModuleTest,2,405,1,1
TypeCheckFunctionCheckTest,14,1955,70,2
TypeCheckTest,194,1918,4185,528
TypedScopeCreatorTest,49,1955,994,67
TypeInferenceTest,32,1955,451,28
TypeValidatorTest,7,1955,6,5
UnfoldCompoundAssignmentsTest,6,1642,0,94
UnreachableCodeEliminationTest,19,1955,328,26
VarCheckTest,23,1955,124,38
VariableMapTest,10,1920,7,7
VariableReferenceCheckTest,16,1955,109,6
VariableShadowDeclarationCheckTest,9,1955,0,83
VariableVisibilityAnalysisTest,8,1671,73,74
XtbMessageBundleTest,1,632,0,0
AllTests,2,1937,0,77
IRTest,2,163,115,0
JSDocInfoTest,7,1937,32,13
BooleanLiteralSetTest,7,1937,0,1
EnumElementTypeTest,4,769,4,3
FunctionParamBuilderTest,6,1937,4,5
FunctionTypeTest,20,1777,222,1
JSTypeRegistryTest,16,1937,142,14
JSTypeTest,53,1937,1490,958
NamedTypeTest,5,1163,12,1
ParameterizedTypeTest,2,128,18,3
PrototypeObjectTypeTest,1,675,0,0
RecordTypeTest,3,577,37,0
TernaryValueTest,7,1937,0,1
UnionTypeBuilderTest,5,1937,28,1
UnionTypeTest,10,1870,147,3
NodeTest,15,1937,238,11
ParserTest,6,1937,0,346
BaseJSTypeTestCase,2,1955,0,567
TestErrorReporter,2,1955,0,122
TokenStreamTest,5,1937,0,486
