ClassName,Changes,TotalCommits
AbstractDifferenceDerivative,6,1746
BackwardDifferenceDerivative,6,1746
CenterDifferenceDerivative,6,1746
ForwardDifferenceDerivative,6,1746
DerivativeOperatorFactory,4,1748
DerivativeOperatorFactoryTest,5,1748
FunctionOperator,2,1748
UnivariateRealFunctionProxy,6,1746
UnivariateRealFunctionUtils,6,1746
UnivariateRealFunctionUtilsTest,6,1746
Compilable,6,1748
DefaultContext,7,1748
EvaluationContext,6,1748
EvaluationException,7,1748
Evaluation,6,1748
Add,6,1748
Divide,6,1748
Equals,6,1748
Multiply,6,1748
Power,6,1748
Sqrt,6,1748
Subtract,6,1748
Variable,6,1748
CholeskySolver,6,1745
CholeskySolverTest,6,1745
Decomposer,6,1748
DecompositionFactory,5,1748
Decomposition,5,1748
RealVector,4,1748
RecursiveLayoutRealMatrix,3,436
RecursiveLayoutRealMatrixTest,1,436
BeanListUnivariateImpl,4,1532
BeanListUnivariateImplTest,4,1532
BeanTransformer,5,1279
BeanTransformerTest,5,1279
AbstractStoreUnivariate,4,1959
BisectionSolver,26,1776
BrentSolver,33,1776
ConvergenceException,7,1776
CubicSplineFunction,14,1776
DifferentiableMultivariateRealFunction,2,400
DifferentiableMultivariateVectorialFunction,3,400
DifferentiableUnivariateMatrixFunction,2,400
DifferentiableUnivariateRealFunction,5,1646
DifferentiableUnivariateVectorialFunction,2,400
DividedDifferenceInterpolator,9,1184
LegendreGaussIntegrator,4,470
RombergIntegrator,7,482
SimpsonIntegrator,7,482
TrapezoidIntegrator,7,482
UnivariateRealIntegratorImpl,6,482
UnivariateRealIntegrator,5,482
DividedDifferenceInterpolator,3,482
LoessInterpolator,3,163
NevilleInterpolator,3,482
SplineInterpolator,4,482
UnivariateRealInterpolator,2,482
LaguerreSolver,9,1184
BrentMinimizer,3,479
UnivariateRealMinimizerImpl,4,479
UnivariateRealMinimizer,3,479
MullerSolver,9,1184
MultivariateMatrixFunction,3,400
MultivariateRealFunction,3,400
MultivariateVectorialFunction,3,400
NevilleInterpolator,6,1184
NewtonSolver,14,1628
PolynomialFunction,17,1769
PolynomialFunctionLagrangeForm,8,1184
PolynomialFunctionNewtonForm,7,1184
PolynomialSplineFunction,18,1648
PolynomialFunction,8,482
PolynomialFunctionLagrangeForm,5,482
PolynomialFunctionNewtonForm,4,482
PolynomialSplineFunction,4,482
PolynomialsUtils,3,449
QuinticFunction,4,1776
RiddersSolver,7,1184
RombergIntegrator,8,1187
RootFinding,7,1776
SecantSolver,25,1776
SimpsonIntegrator,8,1187
SinFunction,4,1776
BisectionSolver,5,482
BrentSolver,4,482
LaguerreSolver,8,482
MullerSolver,6,482
NewtonSolver,6,482
RiddersSolver,5,482
SecantSolver,5,482
UnivariateRealSolverFactoryImpl,4,482
UnivariateRealSolverFactory,3,482
UnivariateRealSolverImpl,9,482
UnivariateRealSolver,7,482
UnivariateRealSolverUtils,7,482
SplineInterpolator,24,1776
TrapezoidIntegrator,8,1187
UnivariateFunction,5,1776
UnivariateMatrixFunction,3,400
UnivariateRealFunction,19,1776
UnivariateRealIntegratorImpl,6,1187
UnivariateRealIntegrator,6,1187
UnivariateRealInterpolator,14,1776
UnivariateRealSolverFactoryImpl,18,1776
UnivariateRealSolverFactory,24,1776
UnivariateRealSolverImpl,22,1776
UnivariateRealSolver,20,1776
UnivariateRealSolverUtil,5,1776
UnivariateRealSolverUtils,17,1776
UnivariateVectorialFunction,3,400
ArgumentOutsideDomainException,8,1097
BeanListUnivariateImpl,2,1926
BivariateRegression,2,1931
BrentSolver,2,1873
ComplexField,4,324
ComplexFormat,24,1714
Complex,33,1776
ComplexMath,10,1776
ComplexUtils,11,1405
ContinuedFraction,4,1890
ContractableDoubleArray,7,1958
ConvergenceException,25,1776
ConvergingAlgorithmImpl,4,480
ConvergingAlgorithm,4,480
DimensionMismatchException,6,1083
AbstractContinuousDistribution,37,1776
AbstractDiscreteDistribution,19,1776
AbstractDistribution,8,1299
AbstractIntegerDistribution,9,1299
BetaDistributionImpl,5,638
BetaDistribution,3,638
BinomialDistributionImpl,28,1776
BinomialDistribution,16,1776
CauchyDistributionImpl,13,1264
CauchyDistribution,9,1264
ChiSquaredDistributionImpl,28,1776
ChiSquaredDistribution,19,1776
ContinuousDistribution,20,1776
DiscreteDistribution,20,1776
DistributionFactoryImpl,28,1776
DistributionFactory,34,1776
Distribution,5,1299
ExponentialDistributionImpl,28,1776
ExponentialDistribution,17,1776
FDistributionImpl,28,1776
FDistribution,17,1776
GammaDistributionImpl,31,1776
GammaDistribution,20,1776
HasDensity,3,642
HypergeometricDistributionImpl,25,1776
HypergeometricDistribution,15,1776
IntegerDistribution,6,1299
NormalDistributionImpl,25,1575
NormalDistribution,15,1575
PascalDistributionImpl,9,1148
PascalDistribution,6,1149
PoissonDistributionImpl,12,1299
PoissonDistribution,5,1299
TDistributionImpl,27,1776
TDistribution,16,1776
WeibullDistributionImpl,11,1258
WeibullDistribution,7,1258
ZipfDistributionImpl,5,560
ZipfDistribution,3,560
DoubleArray,5,1955
DuplicateSampleAbscissaException,6,1098
EmpiricalDistributionImpl,5,1941
EmpiricalDistribution,5,1941
AbstractEstimator,20,409
EstimatedParameter,9,409
EstimationException,10,409
EstimationProblem,8,409
Estimator,9,409
GaussNewtonEstimator,24,409
LevenbergMarquardtEstimator,16,409
SimpleEstimationProblem,12,409
WeightedMeasurement,11,409
ExpandableDoubleArray,12,1962
FieldElement,3,325
Field,3,325
FixedDoubleArray,5,1953
AbstractFormat,5,380
BigFractionField,4,324
BigFractionFormat,3,380
BigFraction,10,383
FractionConversionException,9,1099
FractionField,4,324
FractionFormat,15,1266
Fraction,30,1266
ProperBigFractionFormat,3,380
ProperFractionFormat,11,1266
Freq,3,1966
FunctionEvaluationException,16,1404
AbstractListChromosome,3,174
BinaryChromosome,3,174
BinaryMutation,3,174
Chromosome,4,755
ChromosomePair,5,755
CrossoverPolicy,5,755
ElitisticListPopulation,3,174
Fitness,5,755
FixedGenerationCount,3,174
GeneticAlgorithm,10,755
InvalidRepresentationException,3,174
ListPopulation,3,174
MutationPolicy,5,755
OnePointCrossover,3,174
PermutationChromosome,3,174
Population,5,755
RandomKey,4,174
RandomKeyMutation,5,174
SelectionPolicy,5,755
StoppingCondition,4,755
TournamentSelection,3,174
CardanEulerSingularityException,8,1081
NotARotationMatrixException,8,1081
Rotation,16,1081
RotationOrder,7,1081
Vector3DFormat,8,667
Vector3D,20,1081
AbstractFieldMatrix,9,323
AbstractRealMatrix,22,557
AnyMatrix,2,277
Array2DRowFieldMatrix,2,176
Array2DRowRealMatrix,2,176
ArrayFieldVector,2,176
ArrayRealVector,2,176
BiDiagonalTransformer,6,203
BigMatrixImpl,39,1510
BigMatrix,17,1510
BlockFieldMatrix,4,178
BlockRealMatrix,4,178
CholeskyDecompositionImpl,7,203
CholeskyDecomposition,4,203
BiDiagonalTransformer,3,428
CholeskyDecompositionImpl,6,428
CholeskyDecomposition,4,428
DecompositionSolver,3,428
EigenDecompositionImpl,5,428
EigenDecomposition,3,428
FieldDecompositionSolver,3,323
FieldLUDecompositionImpl,3,323
FieldLUDecomposition,3,323
LUDecompositionImpl,6,428
LUDecomposition,3,428
NonSquareMatrixException,3,428
NotPositiveDefiniteMatrixException,3,428
NotSymmetricMatrixException,3,428
QRDecompositionImpl,5,428
QRDecomposition,3,428
SingularMatrixException,3,428
SingularValueDecompositionImpl,5,428
SingularValueDecomposition,3,428
DecompositionSolver,11,203
TriDiagonalTransformer,3,428
DefaultFieldMatrixChangingVisitor,3,323
DefaultFieldMatrixPreservingVisitor,3,323
DefaultRealMatrixChangingVisitor,3,503
DefaultRealMatrixPreservingVisitor,3,503
DenseFieldMatrix,6,315
DenseRealMatrix,16,544
EigenDecompositionImpl,18,203
EigenDecomposition,12,203
EigenSolver,4,562
FieldDecompositionSolver,2,203
FieldLUDecompositionImpl,3,203
FieldLUDecomposition,2,203
FieldMatrixChangingVisitor,3,323
FieldMatrixImpl,6,323
FieldMatrix,5,323
FieldMatrixPreservingVisitor,3,323
FieldVectorImpl,5,323
FieldVector,5,323
GershgorinCirclesUnion,3,614
InvalidMatrixException,14,1719
LUDecompositionImpl,17,203
LUDecomposition,12,203
LUSolver,4,562
MatrixIndexException,16,1719
MatrixUtils,23,1318
MatrixVisitorException,2,514
NonSquareMatrixException,4,203
NotPositiveDefiniteMatrixException,4,203
NotSymmetricMatrixException,4,203
OpenMapRealMatrix,6,271
OpenMapRealVector,6,271
QRDecompositionImpl,28,203
QRDecomposition,18,203
QRSolver,4,562
RankDeficientMatrixException,3,605
RealMatrixChangingVisitor,5,514
RealMatrixImpl,75,1776
RealMatrix,48,1776
RealMatrixPreservingVisitor,5,514
RealVectorFormat,7,656
RealVectorImpl,14,656
RealVector,7,656
SingularMatrixException,5,203
SingularValueDecompositionImpl,13,203
SingularValueDecomposition,11,203
SingularValueSolver,4,562
SparseFieldMatrix,5,283
SparseFieldVector,9,283
SparseRealMatrix,13,270
SparseRealVector,28,270
TriDiagonalTransformer,12,203
ListUnivariateImpl,7,1959
MathConfigurationException,26,1776
MathException,39,1776
MathRuntimeException,12,605
MathUtils,3,1906
MaxEvaluationsExceededException,2,231
MaxIterationsExceededException,9,1100
MessagesResources_fr,66,1101
AbstractIntegrator,14,698
AbstractStepInterpolator,10,1082
AdaptiveStepsizeIntegrator,18,1082
ClassicalRungeKuttaIntegrator,8,1082
ClassicalRungeKuttaStepInterpolator,9,1082
ContinuousOutputModel,19,1082
DerivativeException,9,1082
DormandPrince54Integrator,9,1082
DormandPrince54StepInterpolator,10,1082
DormandPrince853Integrator,9,1082
DormandPrince853StepInterpolator,10,1082
DummyStepHandler,8,1082
DummyStepInterpolator,11,1082
EmbeddedRungeKuttaIntegrator,7,931
EulerIntegrator,8,1082
EulerStepInterpolator,8,1082
CombinedEventsManager,5,702
EventException,3,702
EventHandler,5,702
EventState,12,702
FirstOrderConverter,9,1082
FirstOrderDifferentialEquations,9,1082
FirstOrderIntegratorFactoryImpl,2,1064
FirstOrderIntegratorFactory,3,1064
FirstOrderIntegrator,17,1082
FixedStepHandler,5,1082
GillIntegrator,8,1082
GillStepInterpolator,9,1082
GraggBulirschStoerIntegrator,13,1082
GraggBulirschStoerStepInterpolator,9,1082
HighamHall54Integrator,9,1082
HighamHall54StepInterpolator,10,1082
IntegratorException,10,1082
MidpointIntegrator,8,1082
MidpointStepInterpolator,9,1082
MultistepIntegrator,16,372
AdamsBashforthIntegrator,16,186
AdamsBashforthStepInterpolator,5,672
AdamsIntegrator,9,132
AdamsMoultonIntegrator,18,186
AdamsMoultonStepInterpolator,5,672
AdamsNordsieckTransformer,4,133
AdaptiveStepsizeIntegrator,11,698
ClassicalRungeKuttaIntegrator,5,702
ClassicalRungeKuttaStepInterpolator,5,702
DormandPrince54Integrator,6,702
DormandPrince54StepInterpolator,8,702
DormandPrince853Integrator,6,702
DormandPrince853StepInterpolator,9,702
EmbeddedRungeKuttaIntegrator,14,702
EulerIntegrator,5,702
EulerStepInterpolator,5,702
GillIntegrator,5,702
GillStepInterpolator,5,702
GraggBulirschStoerIntegrator,11,702
GraggBulirschStoerStepInterpolator,8,702
HighamHall54Integrator,6,702
HighamHall54StepInterpolator,5,702
MidpointIntegrator,5,702
MidpointStepInterpolator,5,702
MultistepIntegrator,5,672
MultistepStepInterpolator,3,672
RungeKuttaIntegrator,13,702
RungeKuttaStepInterpolator,8,702
ThreeEighthesIntegrator,5,702
ThreeEighthesStepInterpolator,5,702
NordsieckTransformer,9,159
ODEIntegrator,6,688
RungeKuttaFehlbergIntegrator,8,1082
RungeKuttaIntegrator,18,1082
RungeKuttaStepInterpolator,6,1082
AbstractStepInterpolator,10,702
DummyStepHandler,4,702
DummyStepInterpolator,5,702
FixedStepHandler,5,702
MultistepStepInterpolator,4,372
NordsieckStepInterpolator,11,222
StepHandler,3,702
StepInterpolator,6,702
StepNormalizer,4,702
SecondOrderDifferentialEquations,9,1082
SecondOrderIntegrator,7,1082
StepHandler,5,1082
StepInterpolator,6,1082
StepNormalizer,5,1082
SwitchException,0,0
SwitchingFunction,8,1082
SwitchingFunctionsHandler,13,1082
SwitchState,10,1082
ThreeEighthesIntegrator,8,1082
ThreeEighthesStepInterpolator,9,1082
ConvergenceChecker,7,1080
CostException,6,1080
CostFunction,5,1080
DifferentiableMultivariateRealOptimizer,4,398
DifferentiableMultivariateVectorialOptimizer,5,398
DirectSearchOptimizer,14,415
MultiDirectional,10,415
NelderMead,9,415
DirectSearchOptimizer,21,1080
CurveFitter,3,167
HarmonicCoefficientsGuesser,2,167
HarmonicFitter,2,167
HarmonicFunction,2,167
ParametricRealFunction,2,167
PolynomialFitter,2,167
WeightedObservedPoint,2,167
AbstractEstimator,2,415
AbstractLeastSquaresOptimizer,10,411
AbstractScalarDifferentiableOptimizer,4,391
ConjugateGradientFormula,2,391
EstimatedParameter,2,415
EstimationProblem,2,415
Estimator,2,415
GaussNewtonEstimator,2,415
GaussNewtonOptimizer,12,411
LevenbergMarquardtEstimator,2,415
LevenbergMarquardtOptimizer,7,410
NonLinearConjugateGradientOptimizer,8,391
Preconditioner,3,391
SimpleEstimationProblem,2,415
WeightedMeasurement,2,415
GoalType,2,415
LeastSquaresConverter,8,415
AbstractLinearOptimizer,5,387
LinearConstraint,4,387
LinearObjectiveFunction,4,387
LinearOptimizer,5,387
NoFeasibleSolutionException,2,387
Relationship,2,387
SimplexSolver,6,387
SimplexTableau,10,387
UnboundedSolutionException,2,387
MultiDirectional,7,1080
MultiObjectiveFunction,3,415
MultiStartDifferentiableMultivariateRealOptimizer,7,398
MultiStartDifferentiableMultivariateVectorialOptimizer,5,398
MultiStartMultivariateRealOptimizer,7,398
MultiStartOptimizer,3,413
MultiStartScalarDifferentiableOptimizer,3,406
MultiStartScalarOptimizer,3,406
MultiStartUnivariateRealOptimizer,7,398
MultiStartVectorialDifferentiableOptimizer,3,406
MultivariateRealOptimizer,5,398
NelderMead,7,1080
ObjectiveException,2,415
ObjectiveFunction,3,415
ObjectiveValueChecker,2,413
OptimizationException,4,415
Optimizer,3,415
PointCostPair,7,1080
PointValuePair,3,415
RealConvergenceChecker,4,398
RealPointValuePair,2,398
ScalarConvergenceChecker,2,412
ScalarDifferentiableObjectiveFunction,2,412
ScalarDifferentiableOptimizer,4,412
ScalarObjectiveFunction,2,412
ScalarOptimizer,4,412
ScalarPointValuePair,3,412
SimpleRealPointChecker,5,395
SimpleScalarValueChecker,5,403
SimpleValueChecker,2,412
SimpleVectorialPointChecker,4,395
SimpleVectorialValueChecker,4,412
AbstractUnivariateRealOptimizer,6,393
BrentMinimizer,2,415
BrentOptimizer,4,393
UnivariateRealOptimizer,3,398
UnivariateRealMinimizerImpl,2,415
UnivariateRealMinimizer,2,415
VectorialConvergenceChecker,5,412
VectorialDifferentiableObjectiveFunction,2,412
VectorialDifferentiableOptimizer,5,412
VectorialObjectiveFunction,2,412
VectorialPointValuePair,3,412
AbstractRandomGenerator,10,1245
BitsStreamGenerator,3,65
CorrelatedRandomVectorGenerator,15,1075
RandomDataImpl,6,1951
RandomData,4,1951
EmpiricalDistributionImpl,48,1776
EmpiricalDistribution,28,1776
GaussianRandomGenerator,6,1088
JDKRandomGenerator,7,1245
MersenneTwister,5,64
NormalizedRandomGenerator,6,1088
NotPositiveDefiniteMatrixException,5,1088
RandomAdaptor,10,1237
RandomDataImpl,32,1776
RandomData,19,1776
RandomGenerator,9,1245
RandomVectorGenerator,9,1088
UncorrelatedRandomVectorGenerator,10,1088
UniformRandomGenerator,7,1088
ValueServer,29,1776
RealMatrixImpl,5,1966
RealMatrix,5,1966
RootFinding,4,1928
SecantSolver,2,1873
Beta,29,1776
Erf,7,1575
Gamma,36,1776
AbstractDescriptiveStatistics,6,1773
AbstractStorelessDescriptiveStatistics,3,1773
AbstractStoreUnivariate,16,1776
AbstractUnivariate,9,1776
Applyable,7,1776
BeanListUnivariateImpl,12,1776
BivariateRegression,17,1776
Clusterable,5,286
Cluster,3,286
EuclideanIntegerPoint,5,286
KMeansPlusPlusClusterer,3,286
Covariance,8,437
PearsonsCorrelation,5,426
SpearmansCorrelation,4,243
AbstractStorelessUnivariateStatistic,13,1336
AbstractUnivariateStatistic,10,1336
AggregateSummaryStatistics,12,299
DescriptiveStatisticsImpl,9,1336
DescriptiveStatistics,23,1336
FirstMoment,11,1336
FourthMoment,10,1336
GeometricMean,15,1336
Kurtosis,13,1336
Mean,12,1336
SecondMoment,9,1336
Skewness,12,1336
StandardDeviation,11,1336
ThirdMoment,10,1336
Variance,18,1336
VectorialCovariance,10,1088
VectorialMean,7,1088
MultivariateSummaryStatistics,11,810
Max,13,1336
Median,7,1336
Min,11,1336
Percentile,12,1336
StatisticalMultivariateSummary,5,810
StatisticalMultivariateSummaryValues,3,810
StatisticalSummary,4,1336
StatisticalSummaryValues,6,1336
DescriptiveStatisticsImpl,5,1773
DescriptiveStatistics,7,1773
StorelessUnivariateStatistic,7,1336
Product,10,1336
SummaryStatisticsImpl,7,1336
SummaryStatistics,19,1336
Sum,10,1336
SumOfLogs,10,1336
SumOfSquares,10,1336
SynchronizedDescriptiveStatistics,9,949
SynchronizedMultivariateSummaryStatistics,8,810
SynchronizedSummaryStatistics,7,911
UnivariateStatistic,8,1336
Frequency,51,1776
ChiSquareTestImpl,24,1583
ChiSquareTest,10,1583
OneWayAnovaImpl,6,851
OneWayAnova,3,851
TestFactoryImpl,6,1227
TestFactory,6,1227
TestStatisticImpl,6,1622
TestStatistic,5,1622
TestUtils,10,1227
TTestImpl,23,1582
TTest,14,1582
UnknownDistributionChiSquareTest,6,975
ListUnivariateImpl,12,1776
BivariateRegression,6,1618
SimpleRegression,2,1355
NaNStrategy,3,266
NaturalRanking,4,266
RankingAlgorithm,3,266
TiesStrategy,3,266
AbstractMultipleLinearRegression,12,731
GLSMultipleLinearRegression,18,731
MultipleLinearRegression,7,731
OLSMultipleLinearRegression,24,731
SimpleRegression,16,1336
StatisticalSummary,3,1725
StatUtils,41,1776
StorelessDescriptiveStatisticsImpl,3,1773
StoreUnivariateImpl,13,1776
StoreUnivariate,12,1776
SummaryStatisticsImpl,5,1725
SummaryStatistics,3,1725
TestStatisticImpl,16,1776
TestStatistic,16,1776
AbstractDescriptiveStatistics,4,1617
AbstractStorelessUnivariateStatistic,19,1776
AbstractUnivariateStatistic,20,1776
BeanListUnivariateImpl,2,1610
DescriptiveStatisticsImpl,10,1617
DescriptiveStatistics,11,1617
UnivariateImpl,26,1776
Univariate,14,1776
FirstMoment,21,1776
FourthMoment,22,1776
GeometricMean,23,1776
Kurtosis,29,1776
Mean,23,1776
SecondMoment,21,1776
Skewness,27,1776
StandardDeviation,25,1776
ThirdMoment,21,1776
Variance,29,1776
Max,23,1776
Median,17,1776
Min,24,1776
Percentile,25,1776
StatisticalSummary,5,1617
StatisticalSummaryValues,6,1561
StorelessUnivariateStatistic,20,1776
Product,23,1776
SummaryStatisticsImpl,7,1617
SummaryStatistics,12,1617
Sum,26,1776
SumOfLogs,23,1776
SumOfSquares,23,1776
UnivariateStatistic,16,1776
StoreUnivariateImpl,8,1961
StoreUnivariate,4,1961
TestStatisticImpl,5,1957
TestStatistic,4,1957
FastCosineTransformer,11,1130
FastFourierTransformer,19,1130
FastHadamardTransformer,7,515
FastSineTransformer,10,1130
RealTransformer,4,513
UnivariateFunction,2,1928
UnivariateImpl,10,1961
Univariate,9,1966
UnivariateRealFunction,2,1873
UnivariateRealSolverFactory,2,1873
UnivariateRealSolverImpl,2,1873
UnivariateRealSolver,2,1873
BeanTransformer,11,1776
BigRealField,4,324
BigReal,5,324
CompositeFormat,4,668
ContinuedFraction,24,1776
ContractableDoubleArray,15,1776
DefaultTransformer,27,1776
DoubleArray,16,1776
ExpandableDoubleArray,16,1776
FixedDoubleArray,17,1776
MathUtils,67,1776
NumberTransformer,16,1776
OpenIntToDoubleHashMap,13,548
OpenIntToFieldHashMap,6,303
ResizableDoubleArray,22,1498
TransformerMap,25,1776
ValueServer,3,1941
DifferentiableMultivariateRealFunction,1,21
DifferentiableMultivariateVectorialFunction,1,21
DifferentiableUnivariateMatrixFunction,1,21
DifferentiableUnivariateRealFunction,1,21
DifferentiableUnivariateVectorialFunction,1,21
LegendreGaussIntegrator,1,21
RombergIntegrator,1,21
SimpsonIntegrator,1,21
TrapezoidIntegrator,1,21
UnivariateRealIntegratorImpl,1,21
UnivariateRealIntegrator,1,21
DividedDifferenceInterpolator,1,21
LoessInterpolator,1,21
NevilleInterpolator,1,21
SplineInterpolator,1,21
UnivariateRealInterpolator,1,21
MultivariateMatrixFunction,1,21
MultivariateRealFunction,1,21
MultivariateVectorialFunction,1,21
PolynomialFunction,1,21
PolynomialFunctionLagrangeForm,1,21
PolynomialFunctionNewtonForm,1,21
PolynomialSplineFunction,1,21
PolynomialsUtils,1,21
BisectionSolver,1,21
BrentSolver,1,21
LaguerreSolver,1,21
MullerSolver,1,21
NewtonSolver,1,21
RiddersSolver,1,21
SecantSolver,1,21
UnivariateRealSolverFactoryImpl,1,21
UnivariateRealSolverFactory,1,21
UnivariateRealSolverImpl,1,21
UnivariateRealSolver,1,21
UnivariateRealSolverUtils,1,21
UnivariateMatrixFunction,1,21
UnivariateRealFunction,1,21
UnivariateVectorialFunction,1,21
ArgumentOutsideDomainException,1,21
ComplexField,1,21
ComplexFormat,1,21
Complex,1,21
ComplexUtils,1,21
ConvergenceException,1,21
ConvergingAlgorithmImpl,1,21
ConvergingAlgorithm,1,21
DimensionMismatchException,1,21
AbstractContinuousDistribution,1,21
AbstractDistribution,1,21
AbstractIntegerDistribution,1,21
BetaDistributionImpl,1,21
BetaDistribution,1,21
BinomialDistributionImpl,1,21
BinomialDistribution,1,21
CauchyDistributionImpl,1,21
CauchyDistribution,1,21
ChiSquaredDistributionImpl,1,21
ChiSquaredDistribution,1,21
ContinuousDistribution,1,21
DiscreteDistribution,1,21
Distribution,1,21
ExponentialDistributionImpl,1,21
ExponentialDistribution,1,21
FDistributionImpl,1,21
FDistribution,1,21
GammaDistributionImpl,1,21
GammaDistribution,1,21
HasDensity,1,21
HypergeometricDistributionImpl,1,21
HypergeometricDistribution,1,21
IntegerDistribution,1,21
NormalDistributionImpl,1,21
NormalDistribution,1,21
PascalDistributionImpl,1,21
PascalDistribution,1,21
PoissonDistributionImpl,1,21
PoissonDistribution,1,21
TDistributionImpl,1,21
TDistribution,1,21
WeibullDistributionImpl,1,21
WeibullDistribution,1,21
ZipfDistributionImpl,1,21
ZipfDistribution,1,21
DuplicateSampleAbscissaException,1,21
AbstractEstimator,1,21
EstimatedParameter,1,21
EstimationException,1,21
EstimationProblem,1,21
Estimator,1,21
GaussNewtonEstimator,1,21
LevenbergMarquardtEstimator,1,21
SimpleEstimationProblem,1,21
WeightedMeasurement,1,21
FieldElement,1,21
Field,1,21
AbstractFormat,1,21
BigFractionField,1,21
BigFractionFormat,1,21
BigFraction,1,21
FractionConversionException,1,21
FractionField,1,21
FractionFormat,1,21
Fraction,1,21
ProperBigFractionFormat,1,21
ProperFractionFormat,1,21
FunctionEvaluationException,1,21
AbstractListChromosome,1,21
BinaryChromosome,1,21
BinaryMutation,1,21
Chromosome,1,21
ChromosomePair,1,21
CrossoverPolicy,1,21
ElitisticListPopulation,1,21
Fitness,1,21
FixedGenerationCount,1,21
GeneticAlgorithm,1,21
InvalidRepresentationException,1,21
ListPopulation,1,21
MutationPolicy,1,21
OnePointCrossover,1,21
PermutationChromosome,1,21
Population,1,21
RandomKey,2,21
RandomKeyMutation,1,21
SelectionPolicy,1,21
StoppingCondition,1,21
TournamentSelection,1,21
CardanEulerSingularityException,1,21
NotARotationMatrixException,1,21
Rotation,1,21
RotationOrder,1,21
Vector3DFormat,1,21
Vector3D,1,21
AbstractFieldMatrix,1,21
AbstractRealMatrix,1,21
AnyMatrix,1,21
Array2DRowFieldMatrix,1,21
Array2DRowRealMatrix,1,21
ArrayFieldVector,1,21
ArrayRealVector,1,21
BiDiagonalTransformer,1,21
BigMatrixImpl,1,21
BigMatrix,1,21
BlockFieldMatrix,1,21
BlockRealMatrix,1,21
CholeskyDecompositionImpl,1,21
CholeskyDecomposition,1,21
DecompositionSolver,1,21
DefaultFieldMatrixChangingVisitor,1,21
DefaultFieldMatrixPreservingVisitor,1,21
DefaultRealMatrixChangingVisitor,1,21
DefaultRealMatrixPreservingVisitor,1,21
EigenDecompositionImpl,1,21
EigenDecomposition,1,21
FieldDecompositionSolver,1,21
FieldLUDecompositionImpl,1,21
FieldLUDecomposition,1,21
FieldMatrixChangingVisitor,1,21
FieldMatrix,1,21
FieldMatrixPreservingVisitor,1,21
FieldVector,1,21
InvalidMatrixException,1,21
LUDecompositionImpl,1,21
LUDecomposition,1,21
MatrixIndexException,1,21
MatrixUtils,1,21
MatrixVisitorException,1,21
NonSquareMatrixException,1,21
NotPositiveDefiniteMatrixException,1,21
NotSymmetricMatrixException,1,21
OpenMapRealMatrix,1,21
OpenMapRealVector,2,21
QRDecompositionImpl,1,21
QRDecomposition,1,21
RealMatrixChangingVisitor,1,21
RealMatrixImpl,1,21
RealMatrix,2,21
RealMatrixPreservingVisitor,1,21
RealVectorFormat,1,21
RealVector,1,21
SingularMatrixException,1,21
SingularValueDecompositionImpl,1,21
SingularValueDecomposition,1,21
SparseFieldMatrix,1,21
SparseFieldVector,1,21
SparseRealMatrix,1,21
SparseRealVector,1,21
TriDiagonalTransformer,1,21
MathConfigurationException,1,21
MathException,1,21
MathRuntimeException,1,21
MaxEvaluationsExceededException,1,21
MaxIterationsExceededException,1,21
MessagesResources_fr,1,21
AbstractIntegrator,1,21
ContinuousOutputModel,1,21
DerivativeException,1,21
CombinedEventsManager,1,21
EventException,1,21
EventHandler,1,21
EventState,1,21
FirstOrderConverter,1,21
FirstOrderDifferentialEquations,1,21
FirstOrderIntegrator,1,21
IntegratorException,1,21
MultistepIntegrator,1,21
AdamsBashforthIntegrator,1,21
AdamsIntegrator,1,21
AdamsMoultonIntegrator,1,21
AdamsNordsieckTransformer,1,21
AdaptiveStepsizeIntegrator,1,21
ClassicalRungeKuttaIntegrator,1,21
ClassicalRungeKuttaStepInterpolator,1,21
DormandPrince54Integrator,1,21
DormandPrince54StepInterpolator,1,21
DormandPrince853Integrator,1,21
DormandPrince853StepInterpolator,1,21
EmbeddedRungeKuttaIntegrator,1,21
EulerIntegrator,1,21
EulerStepInterpolator,1,21
GillIntegrator,1,21
GillStepInterpolator,1,21
GraggBulirschStoerIntegrator,1,21
GraggBulirschStoerStepInterpolator,1,21
HighamHall54Integrator,1,21
HighamHall54StepInterpolator,1,21
MidpointIntegrator,1,21
MidpointStepInterpolator,1,21
RungeKuttaIntegrator,1,21
RungeKuttaStepInterpolator,1,21
ThreeEighthesIntegrator,1,21
ThreeEighthesStepInterpolator,1,21
ODEIntegrator,1,21
AbstractStepInterpolator,1,21
DummyStepHandler,1,21
DummyStepInterpolator,1,21
FixedStepHandler,1,21
NordsieckStepInterpolator,1,21
StepHandler,1,21
StepInterpolator,1,21
StepNormalizer,1,21
SecondOrderDifferentialEquations,1,21
SecondOrderIntegrator,1,21
DifferentiableMultivariateRealOptimizer,1,21
DifferentiableMultivariateVectorialOptimizer,1,21
DirectSearchOptimizer,1,21
MultiDirectional,3,21
NelderMead,1,21
CurveFitter,1,21
HarmonicCoefficientsGuesser,1,21
HarmonicFitter,1,21
HarmonicFunction,1,21
ParametricRealFunction,1,21
PolynomialFitter,1,21
WeightedObservedPoint,1,21
AbstractLeastSquaresOptimizer,1,21
AbstractScalarDifferentiableOptimizer,1,21
ConjugateGradientFormula,1,21
GaussNewtonOptimizer,1,21
LevenbergMarquardtOptimizer,1,21
NonLinearConjugateGradientOptimizer,1,21
Preconditioner,1,21
GoalType,1,21
LeastSquaresConverter,1,21
AbstractLinearOptimizer,1,21
LinearConstraint,1,21
LinearObjectiveFunction,1,21
LinearOptimizer,1,21
NoFeasibleSolutionException,1,21
Relationship,1,21
SimplexSolver,1,21
SimplexTableau,1,21
UnboundedSolutionException,1,21
MultiStartDifferentiableMultivariateRealOptimizer,1,21
MultiStartDifferentiableMultivariateVectorialOptimizer,1,21
MultiStartMultivariateRealOptimizer,1,21
MultiStartUnivariateRealOptimizer,1,21
MultivariateRealOptimizer,1,21
OptimizationException,1,21
RealConvergenceChecker,1,21
RealPointValuePair,1,21
SimpleRealPointChecker,1,21
SimpleScalarValueChecker,1,21
SimpleVectorialPointChecker,1,21
SimpleVectorialValueChecker,1,21
AbstractUnivariateRealOptimizer,1,21
BrentOptimizer,1,21
UnivariateRealOptimizer,1,21
VectorialConvergenceChecker,1,21
VectorialPointValuePair,1,21
AbstractRandomGenerator,1,21
BitsStreamGenerator,1,21
CorrelatedRandomVectorGenerator,1,21
EmpiricalDistributionImpl,1,21
EmpiricalDistribution,1,21
GaussianRandomGenerator,1,21
JDKRandomGenerator,1,21
MersenneTwister,1,21
NormalizedRandomGenerator,1,21
RandomAdaptor,1,21
RandomDataImpl,1,21
RandomData,1,21
RandomGenerator,1,21
RandomVectorGenerator,1,21
UncorrelatedRandomVectorGenerator,1,21
UniformRandomGenerator,1,21
ValueServer,1,21
Beta,1,21
Erf,1,21
Gamma,1,21
Clusterable,1,21
Cluster,1,21
EuclideanIntegerPoint,1,21
KMeansPlusPlusClusterer,1,21
Covariance,1,21
PearsonsCorrelation,1,21
SpearmansCorrelation,1,21
AbstractStorelessUnivariateStatistic,1,21
AbstractUnivariateStatistic,1,21
AggregateSummaryStatistics,1,21
DescriptiveStatistics,1,21
FirstMoment,1,21
FourthMoment,1,21
GeometricMean,1,21
Kurtosis,1,21
Mean,1,21
SecondMoment,1,21
Skewness,1,21
StandardDeviation,1,21
ThirdMoment,1,21
Variance,1,21
VectorialCovariance,1,21
VectorialMean,1,21
MultivariateSummaryStatistics,1,21
Max,1,21
Median,1,21
Min,1,21
Percentile,1,21
StatisticalMultivariateSummary,1,21
StatisticalSummary,1,21
StatisticalSummaryValues,1,21
StorelessUnivariateStatistic,1,21
Product,1,21
SummaryStatistics,1,21
Sum,1,21
SumOfLogs,1,21
SumOfSquares,1,21
SynchronizedDescriptiveStatistics,1,21
SynchronizedMultivariateSummaryStatistics,1,21
SynchronizedSummaryStatistics,1,21
UnivariateStatistic,1,21
Frequency,1,21
ChiSquareTestImpl,1,21
ChiSquareTest,1,21
OneWayAnovaImpl,1,21
OneWayAnova,1,21
TestUtils,1,21
TTestImpl,1,21
TTest,1,21
UnknownDistributionChiSquareTest,1,21
NaNStrategy,1,21
NaturalRanking,1,21
RankingAlgorithm,1,21
TiesStrategy,1,21
AbstractMultipleLinearRegression,1,21
GLSMultipleLinearRegression,1,21
MultipleLinearRegression,1,21
OLSMultipleLinearRegression,1,21
SimpleRegression,1,21
StatUtils,1,21
FastCosineTransformer,1,21
FastFourierTransformer,1,21
FastHadamardTransformer,1,21
FastSineTransformer,1,21
RealTransformer,1,21
BigRealField,1,21
BigReal,1,21
CompositeFormat,1,21
ContinuedFraction,1,21
DefaultTransformer,2,21
DoubleArray,1,21
MathUtils,1,21
NumberTransformer,1,21
OpenIntToDoubleHashMap,1,21
OpenIntToFieldHashMap,1,21
ResizableDoubleArray,1,21
TransformerMap,2,21
Chebyshev,5,1115
CoefficientsGenerator,3,1103
Hermite,5,1115
Laguerre,4,1115
Legendre,5,1115
OrthogonalPolynomial,4,1115
PolynomialFraction,4,1115
Polynomial,5,1115
RationalNumber,3,1115
EstimatedParameter,2,1115
EstimationException,2,1115
EstimationProblem,2,1115
Estimator,2,1115
GaussNewtonEstimator,2,1115
LeastSquaresEstimator,2,1115
LevenbergMarquardtEstimator,3,1115
WeightedMeasurement,2,1115
AbstractCurveFitter,4,1115
F2FP2Iterator,4,1115
FFPIterator,3,1115
HarmonicCoefficientsGuesser,4,1115
HarmonicFitter,5,1115
PolynomialCoefficient,3,1115
PolynomialFitter,5,1115
ExhaustedSampleException,2,1115
FunctionException,2,1115
BasicSampledFunctionIterator,2,1115
ComputableFunction,3,1115
ComputableFunctionSampler,2,1115
SampledFunctionIterator,2,1115
SampledFunction,3,1115
ScalarValuedPair,2,1115
BasicSampledFunctionIterator,2,1115
ComputableFunction,3,1115
ComputableFunctionSampler,2,1115
SampledFunctionIterator,2,1115
SampledFunction,3,1115
VectorialValuedPair,3,1115
CardanEulerSingularityException,2,1115
ImmutableVector3D,3,1115
NotARotationMatrixException,2,1115
Rotation,5,1115
RotationOrder,3,1115
Vector3D,5,1115
DiagonalMatrix,3,1115
GeneralMatrix,3,1115
GeneralSquareMatrix,3,1115
LowerTriangularMatrix,3,1115
MatrixFactory,2,1115
Matrix,3,1115
NonNullRange,3,1115
SingularMatrixException,2,1115
SquareMatrix,3,1115
SymetricalMatrix,3,1115
UpperTriangularMatrix,3,1115
MantissaException,2,1115
MessagesResources_fr,4,1115
MessagesResources,3,1115
AbstractStepInterpolator,3,1115
AdaptiveStepsizeIntegrator,2,1115
ClassicalRungeKuttaIntegrator,3,1115
ClassicalRungeKuttaStepInterpolator,2,1115
ContinuousOutputModel,2,1115
DerivativeException,2,1115
DormandPrince54Integrator,3,1115
DormandPrince54StepInterpolator,3,1115
DormandPrince853Integrator,3,1115
DormandPrince853StepInterpolator,2,1115
DummyStepHandler,2,1115
DummyStepInterpolator,3,1115
EulerIntegrator,3,1115
EulerStepInterpolator,2,1115
FirstOrderConverter,2,1115
FirstOrderDifferentialEquations,2,1115
FirstOrderIntegrator,2,1115
FixedStepHandler,2,1115
GillIntegrator,3,1115
GillStepInterpolator,2,1115
GraggBulirschStoerIntegrator,5,1115
GraggBulirschStoerStepInterpolator,3,1115
HighamHall54Integrator,3,1115
HighamHall54StepInterpolator,2,1115
IntegratorException,2,1115
MidpointIntegrator,3,1115
MidpointStepInterpolator,2,1115
RungeKuttaFehlbergIntegrator,3,1115
RungeKuttaIntegrator,3,1115
RungeKuttaStepInterpolator,2,1115
SecondOrderDifferentialEquations,2,1115
SecondOrderIntegrator,2,1115
StepHandler,2,1115
StepInterpolator,2,1115
StepNormalizer,3,1115
SwitchingFunction,4,1115
SwitchingFunctionsHandler,3,1115
SwitchState,4,1115
ThreeEighthesIntegrator,3,1115
ThreeEighthesStepInterpolator,2,1115
ConvergenceChecker,2,1115
CostException,2,1115
CostFunction,2,1115
DirectSearchOptimizer,3,1115
MultiDirectional,3,1115
NelderMead,3,1115
NoConvergenceException,2,1115
PointCostPair,3,1115
ComputableFunctionIntegrator,2,1115
EnhancedSimpsonIntegrator,2,1115
EnhancedSimpsonIntegratorSampler,2,1115
GaussLegendreIntegrator,3,1115
RiemannIntegrator,2,1115
RiemannIntegratorSampler,2,1115
SampledFunctionIntegrator,2,1115
TrapezoidIntegrator,2,1115
TrapezoidIntegratorSampler,2,1115
ComputableFunctionIntegrator,2,1115
EnhancedSimpsonIntegrator,3,1115
EnhancedSimpsonIntegratorSampler,3,1115
GaussLegendreIntegrator,2,1115
RiemannIntegrator,3,1115
RiemannIntegratorSampler,3,1115
SampledFunctionIntegrator,2,1115
TrapezoidIntegrator,3,1115
TrapezoidIntegratorSampler,3,1115
CorrelatedRandomVectorGenerator,3,1115
GaussianRandomGenerator,3,1115
NormalizedRandomGenerator,3,1115
NotPositiveDefiniteMatrixException,2,1115
RandomVectorGenerator,2,1115
ScalarSampleStatistics,2,1115
UncorrelatedRandomVectorGenerator,3,1115
UniformRandomGenerator,3,1115
VectorialSampleStatistics,3,1115
BrentSolver,2,1115
ConvergenceChecker,2,1115
RootsFinder,2,1115
ArrayMapperEntry,2,1115
ArrayMapper,3,1115
ArraySliceMappable,2,1115
Interval,2,1115
IntervalsList,2,1115
MappableArray,3,1115
MappableScalar,2,1115
AllTests,2,1115
ChebyshevTest,4,1115
HermiteTest,4,1115
LaguerreTest,3,1115
LegendreTest,4,1115
PolynomialDoubleTest,3,1115
PolynomialFractionTest,3,1115
PolynomialRationalTest,3,1115
RationalNumberTest,2,1115
AllTests,2,1115
AllTests,3,1115
EstimatedParameterTest,2,1115
GaussNewtonEstimatorTest,3,1115
LevenbergMarquardtEstimatorTest,4,1115
MinpackTest,2,1103
WeightedMeasurementTest,3,1115
AbstractCurveFitterTest,3,1115
AllTests,2,1115
HarmonicFitterTest,3,1115
PolynomialFitterTest,3,1115
AllTests,1,1115
AllTests,1,1115
BasicSampledFunctionIteratorTest,2,1115
ComputableFunctionSamplerTest,2,1115
ScalarValuedPairTest,1,1115
AllTests,1,1115
BasicSampledFunctionIteratorTest,2,1115
ComputableFunctionSamplerTest,2,1115
VectorialValuedPairTest,2,1115
AllTests,3,1115
ImmutableVector3DTest,3,1115
RotationTest,3,1115
Vector3DTest,4,1115
AllTests,1,1115
DiagonalMatrixTest,2,1115
GeneralMatrixTest,2,1115
GeneralSquareMatrixTest,2,1115
LowerTriangularMatrixTest,2,1115
MatrixFactoryTest,1,1115
NonNullRangeTest,1,1115
SymetricalMatrixTest,1,1115
UpperTriangularMatrixTest,2,1115
AllTests,2,1115
ClassicalRungeKuttaIntegratorTest,3,1115
ClassicalRungeKuttaStepInterpolatorTest,2,1115
ContinuousOutputModelTest,3,1115
DormandPrince54IntegratorTest,3,1115
DormandPrince54StepInterpolatorTest,2,1115
DormandPrince853IntegratorTest,4,1115
DormandPrince853StepInterpolatorTest,2,1115
EulerIntegratorTest,3,1115
EulerStepInterpolatorTest,3,1115
FirstOrderConverterTest,3,1115
GillIntegratorTest,4,1115
GillStepInterpolatorTest,2,1115
GraggBulirschStoerIntegratorTest,4,1115
GraggBulirschStoerStepInterpolatorTest,2,1115
HighamHall54IntegratorTest,3,1115
HighamHall54StepInterpolatorTest,2,1115
MidpointIntegratorTest,3,1115
MidpointStepInterpolatorTest,2,1115
StepNormalizerTest,3,1115
StepProblem,2,1103
TestProblem1,3,1115
TestProblem2,3,1115
TestProblem3,3,1115
TestProblem4,4,1115
TestProblem5,2,1115
TestProblemAbstract,3,1115
TestProblemFactory,2,1115
TestProblemHandler,2,1115
ThreeEighthesIntegratorTest,3,1115
ThreeEighthesStepInterpolatorTest,2,1115
AllTests,2,1115
MultiDirectionalTest,3,1115
NelderMeadTest,3,1115
AllTests,1,1115
AllTests,1,1115
GaussLegendreIntegratorTest,3,1115
AllTests,1,1115
GaussLegendreIntegratorTest,2,1115
AllTests,1,1115
CorrelatedRandomVectorGeneratorTest,3,1115
GaussianRandomGeneratorTest,2,1115
ScalarSampleStatisticsTest,2,1115
UncorrelatedRandomVectorGeneratorTest,3,1115
UniformRandomGeneratorTest,2,1115
VectorialSampleStatisticsTest,3,1115
AllTests,1,1115
BrentSolverTest,2,1115
TestProblem,2,1115
AllTests,1,1115
ArrayMapperTest,2,1115
IntervalsListTest,1,1115
IntervalTest,1,1115
MappableArrayTest,2,1115
MappableScalarTest,2,1115
TrajectoryDeterminationProblem,2,820
Expm1Function,1,20
LegendreGaussIntegratorTest,1,20
RombergIntegratorTest,1,20
SimpsonIntegratorTest,1,20
TrapezoidIntegratorTest,1,20
DividedDifferenceInterpolatorTest,1,20
LoessInterpolatorTest,1,20
NevilleInterpolatorTest,1,20
SplineInterpolatorTest,1,20
MonitoredFunction,1,20
PolynomialFunctionLagrangeFormTest,1,20
PolynomialFunctionNewtonFormTest,1,20
PolynomialFunctionTest,1,20
PolynomialSplineFunctionTest,1,20
PolynomialsUtilsTest,1,20
QuinticFunction,1,20
SinFunction,1,20
BisectionSolverTest,1,20
BrentSolverTest,1,20
LaguerreSolverTest,1,20
MullerSolverTest,1,20
NewtonSolverTest,1,20
RiddersSolverTest,1,20
UnivariateRealSolverFactoryImplTest,1,20
UnivariateRealSolverUtilsTest,1,20
ArgumentOutsideDomainExceptionTest,1,20
ComplexFieldTest,1,20
ComplexFormatAbstractTest,1,20
ComplexFormatTest,1,20
ComplexTest,1,20
ComplexUtilsTest,1,20
FrenchComplexFormatTest,1,20
ConvergenceExceptionTest,1,20
BetaDistributionTest,1,20
BinomialDistributionTest,1,20
CauchyDistributionTest,1,20
ChiSquareDistributionTest,2,20
ContinuousDistributionAbstractTest,1,20
ExponentialDistributionTest,1,20
FDistributionTest,1,20
GammaDistributionTest,1,20
HypergeometricDistributionTest,1,20
IntegerDistributionAbstractTest,1,20
NormalDistributionTest,1,20
PascalDistributionTest,1,20
PoissonDistributionTest,1,20
TDistributionTest,1,20
WeibullDistributionTest,2,20
ZipfDistributionTest,1,20
DuplicateSampleAbscissaExceptionTest,1,20
EstimatedParameterTest,1,20
GaussNewtonEstimatorTest,1,20
LevenbergMarquardtEstimatorTest,1,20
MinpackTest,2,20
WeightedMeasurementTest,1,20
BigFractionFieldTest,1,20
BigFractionFormatTest,1,20
BigFractionTest,1,20
FractionFieldTest,1,20
FractionFormatTest,1,20
FractionTest,1,20
FunctionEvaluationExceptionTest,1,20
BinaryChromosomeTest,1,20
BinaryMutationTest,1,20
ChromosomeTest,1,20
DummyBinaryChromosome,1,20
DummyRandomKey,1,20
ElitisticListPopulationTest,1,20
FitnessCachingTest,1,20
FixedGenerationCountTest,1,20
GeneticAlgorithmTestBinary,1,20
GeneticAlgorithmTestPermutations,1,20
ListPopulationTest,1,20
OnePointCrossoverTest,1,20
RandomKeyMutationTest,1,20
RandomKeyTest,1,20
TournamentSelectionTest,1,20
FrenchVector3DFormatTest,1,20
RotationOrderTest,1,20
RotationTest,1,20
Vector3DFormatAbstractTest,1,20
Vector3DFormatTest,1,20
Vector3DTest,1,20
Array2DRowRealMatrixTest,1,20
ArrayFieldVectorTest,1,20
ArrayRealVectorTest,1,20
BiDiagonalTransformerTest,1,20
BigMatrixImplTest,1,20
BlockFieldMatrixTest,1,20
BlockRealMatrixTest,1,20
CholeskyDecompositionImplTest,1,20
CholeskySolverTest,1,20
EigenDecompositionImplTest,1,20
EigenSolverTest,1,20
FieldLUDecompositionImplTest,1,20
FieldMatrixImplTest,1,20
FrenchRealVectorFormatTest,1,20
InvalidMatrixExceptionTest,1,20
LUDecompositionImplTest,1,20
LUSolverTest,1,20
MatrixIndexExceptionTest,1,20
MatrixUtilsTest,1,20
QRDecompositionImplTest,1,20
QRSolverTest,1,20
RealMatrixImplTest,1,20
RealVectorFormatAbstractTest,1,20
RealVectorFormatTest,1,20
SingularValueDecompositionImplTest,1,20
SingularValueSolverTest,1,20
SparseFieldMatrixTest,1,20
SparseFieldVectorTest,1,20
SparseRealMatrixTest,1,20
SparseRealVectorTest,1,20
TriDiagonalTransformerTest,1,20
MathConfigurationExceptionTest,1,20
MathExceptionTest,1,20
MaxIterationsExceededExceptionTest,1,20
ContinuousOutputModelTest,1,20
FirstOrderConverterTest,1,20
AdamsBashforthIntegratorTest,1,20
AdamsMoultonIntegratorTest,1,20
ClassicalRungeKuttaIntegratorTest,1,20
ClassicalRungeKuttaStepInterpolatorTest,1,20
DormandPrince54IntegratorTest,1,20
DormandPrince54StepInterpolatorTest,1,20
DormandPrince853IntegratorTest,1,20
DormandPrince853StepInterpolatorTest,1,20
EulerIntegratorTest,1,20
EulerStepInterpolatorTest,1,20
GillIntegratorTest,1,20
GillStepInterpolatorTest,1,20
GraggBulirschStoerIntegratorTest,2,20
GraggBulirschStoerStepInterpolatorTest,2,20
HighamHall54IntegratorTest,1,20
HighamHall54StepInterpolatorTest,1,20
MidpointIntegratorTest,1,20
MidpointStepInterpolatorTest,1,20
StepProblem,1,20
ThreeEighthesIntegratorTest,1,20
ThreeEighthesStepInterpolatorTest,1,20
DummyStepInterpolatorTest,1,20
NordsieckStepInterpolatorTest,1,20
StepInterpolatorTestUtils,1,20
StepNormalizerTest,1,20
TestProblem1,1,20
TestProblem2,1,20
TestProblem3,1,20
TestProblem4,1,20
TestProblem5,1,20
TestProblem6,1,20
TestProblemAbstract,1,20
TestProblemFactory,1,20
TestProblemHandler,1,20
MultiDirectionalTest,2,20
NelderMeadTest,1,20
HarmonicFitterTest,1,20
PolynomialFitterTest,1,20
GaussNewtonOptimizerTest,1,20
LevenbergMarquardtOptimizerTest,1,20
MinpackTest,2,20
NonLinearConjugateGradientOptimizerTest,1,20
SimplexSolverTest,1,20
SimplexTableauTest,1,20
MultiStartDifferentiableMultivariateRealOptimizerTest,1,20
MultiStartDifferentiableMultivariateVectorialOptimizerTest,1,20
MultiStartMultivariateRealOptimizerTest,1,20
MultiStartUnivariateRealOptimizerTest,1,20
BrentMinimizerTest,1,20
AbstractRandomGeneratorTest,1,20
CorrelatedRandomVectorGeneratorTest,1,20
EmpiricalDistributionTest,1,20
GaussianRandomGeneratorTest,1,20
MersenneTwisterTest,1,20
RandomAdaptorTest,1,20
RandomDataTest,1,20
TestRandomGenerator,1,20
UncorrelatedRandomVectorGeneratorTest,1,20
UniformRandomGeneratorTest,1,20
ValueServerTest,1,20
RetryTestCase,1,20
BetaTest,1,20
ErfTest,1,20
GammaTest,1,20
CertifiedDataTest,1,20
EuclideanIntegerPointTest,1,20
KMeansPlusPlusClustererTest,1,20
CovarianceTest,1,20
PearsonsCorrelationTest,1,20
SpearmansRankCorrelationTest,1,20
CertifiedDataAbstractTest,1,20
LewTest,1,20
LotteryTest,1,20
AbstractUnivariateStatisticTest,1,20
AggregateSummaryStatisticsTest,1,20
DescriptiveStatisticsTest,1,20
InteractionTest,1,20
ListUnivariateImpl,1,20
ListUnivariateImplTest,1,20
MixedListUnivariateImplTest,1,20
FirstMomentTest,1,20
FourthMomentTest,1,20
GeometricMeanTest,1,20
KurtosisTest,1,20
MeanTest,1,20
SecondMomentTest,1,20
SkewnessTest,1,20
StandardDeviationTest,1,20
ThirdMomentTest,1,20
VarianceTest,1,20
VectorialCovarianceTest,1,20
VectorialMeanTest,1,20
MultivariateSummaryStatisticsTest,1,20
MaxTest,1,20
MedianTest,1,20
MinTest,1,20
PercentileTest,1,20
StatisticalSummaryValuesTest,1,20
StorelessUnivariateStatisticAbstractTest,1,20
ProductTest,1,20
SummaryStatisticsTest,1,20
SumLogTest,1,20
SumSqTest,1,20
SumTest,2,20
SynchronizedDescriptiveStatisticsTest,2,20
SynchronizedMultivariateSummaryStatisticsTest,2,20
SynchronizedSummaryStatisticsTest,1,20
UnivariateStatisticAbstractTest,1,20
FrequencyTest,1,20
ChiSquareFactoryTest,1,20
ChiSquareTestTest,1,20
OneWayAnovaTest,1,20
TestUtilsTest,1,20
TTestFactoryTest,1,20
TTestTest,1,20
NaturalRankingTest,1,20
GLSMultipleLinearRegressionTest,1,20
MultipleLinearRegressionAbstractTest,1,20
OLSMultipleLinearRegressionTest,1,20
SimpleRegressionTest,1,20
StatUtilsTest,1,20
TestUtils,1,20
FastCosineTransformerTest,1,20
FastFourierTransformerTest,1,20
FastHadamardTransformerTest,1,20
FastSineTransformerTest,1,20
BigRealFieldTest,1,20
BigRealTest,1,20
ContinuedFractionTest,1,20
DefaultTransformerTest,1,20
DoubleArrayAbstractTest,1,20
MathUtilsTest,1,20
OpenIntToDoubleHashMapTest,1,20
OpenIntToFieldTest,1,20
ResizableDoubleArrayTest,1,20
TestBean,1,20
TransformerMapTest,1,20
BisectionSolverTest,16,1776
BrentSolverTest,8,1403
ConvergenceExceptionTest,11,1776
DividedDifferenceInterpolatorTest,4,1175
Expm1Function,7,1175
LegendreGaussIntegratorTest,2,470
RombergIntegratorTest,3,481
SimpsonIntegratorTest,3,481
TrapezoidIntegratorTest,3,481
DividedDifferenceInterpolatorTest,2,481
LoessInterpolatorTest,3,163
NevilleInterpolatorTest,2,481
SplineInterpolatorTest,3,481
InterpolatorTest,14,1776
LaguerreSolverTest,8,1175
BrentMinimizerTest,2,479
MonitoredFunction,6,1056
MullerSolverTest,5,1175
NevilleInterpolatorTest,4,1175
NewtonSolverTest,7,1628
PolynomialFunctionLagrangeFormTest,5,1175
PolynomialFunctionNewtonFormTest,5,1175
PolynomialFunctionTest,10,1769
PolynomialSplineFunctionTest,6,1388
PolynomialFunctionLagrangeFormTest,2,481
PolynomialFunctionNewtonFormTest,2,481
PolynomialFunctionTest,5,481
PolynomialSplineFunctionTest,2,481
PolynomialsUtilsTest,4,449
QuinticFunction,20,1776
RealSolverTest,12,1776
RiddersSolverTest,5,1175
RombergIntegratorTest,4,1187
SimpsonIntegratorTest,4,1187
SinFunction,20,1776
BisectionSolverTest,3,481
BrentSolverTest,2,481
LaguerreSolverTest,2,481
MullerSolverTest,2,481
NewtonSolverTest,4,481
RiddersSolverTest,2,481
UnivariateRealSolverFactoryImplTest,3,481
UnivariateRealSolverUtilsTest,4,481
SplineInterpolatorTest,7,1647
TrapezoidIntegratorTest,4,1187
UnivariateRealSolverFactoryImplTest,6,1588
UnivariateRealSolverUtilsTest,12,1776
ArgumentOutsideDomainExceptionTest,4,1097
BeanListUnivariateImplTest,2,1926
Patient,9,1776
VitalStats,9,1776
BivariateRegressionTest,2,1931
AbstractComplexFormatTest,2,1339
ComplexFieldTest,2,80
ComplexFormatAbstractTest,8,1338
ComplexFormatTest,9,1714
ComplexMathTest,4,1767
ComplexTest,21,1776
ComplexUtilsTest,8,1405
FrenchComplexFormatTest,5,1339
ContinuedFractionTest,2,1890
ContractableDoubleArrayTest,4,1956
ConvergenceExceptionTest,5,1101
BetaDistributionTest,2,638
BinomialDistributionTest,21,1776
CauchyDistributionTest,7,1264
ChiSquareDistributionTest,23,1776
ContinuousDistributionAbstractTest,10,1543
DiscreteDistributionAbstractTest,3,1568
DistributionFactoryImplTest,22,1776
ExponentialDistributionTest,23,1776
FDistributionTest,23,1776
GammaDistributionTest,26,1776
HypergeometricDistributionTest,21,1776
IntegerDistributionAbstractTest,8,1299
NormalDistributionTest,19,1575
PascalDistributionTest,6,1149
PoissonDistributionTest,10,1299
TDistributionTest,25,1776
WeibullDistributionTest,7,1258
ZipfDistributionTest,3,560
DoubleArrayAbstractTest,4,1956
DuplicateSampleAbscissaExceptionTest,3,1098
EmpiricalDistributionTest,3,1941
EstimatedParameterTest,5,409
GaussNewtonEstimatorTest,11,409
LevenbergMarquardtEstimatorTest,15,409
MinpackTest,8,409
WeightedMeasurementTest,6,409
ExpandableDoubleArrayTest,6,1962
FixedDoubleArrayTest,2,1953
BigFractionFieldTest,2,82
BigFractionFormatTest,4,380
BigFractionTest,5,383
FractionFieldTest,2,81
FractionFormatTest,12,1266
FractionTest,19,1266
FreqTest,2,1966
FunctionEvaluationExceptionTest,9,1404
BinaryChromosomeTest,2,174
BinaryMutationTest,2,174
ChromosomeTest,2,174
DummyBinaryChromosome,2,174
DummyRandomKey,2,174
ElitisticListPopulationTest,2,174
FitnessCachingTest,2,174
FixedGenerationCountTest,2,174
GeneticAlgorithmTestBinary,2,174
GeneticAlgorithmTestPermutations,3,174
ListPopulationTest,2,174
OnePointCrossoverTest,2,174
RandomKeyMutationTest,2,174
RandomKeyTest,4,174
TournamentSelectionTest,2,174
FrenchVector3DFormatTest,3,667
RotationOrderTest,2,966
RotationTest,8,1081
Vector3DFormatAbstractTest,3,667
Vector3DFormatTest,3,667
Vector3DTest,7,1081
Array2DRowRealMatrixTest,2,176
ArrayFieldVectorTest,2,176
ArrayRealVectorTest,2,176
BiDiagonalTransformerTest,5,203
BigMatrixImplTest,24,1510
BlockFieldMatrixTest,3,176
BlockRealMatrixTest,4,176
CholeskyDecompositionImplTest,6,203
CholeskySolverTest,5,203
BiDiagonalTransformerTest,2,428
CholeskyDecompositionImplTest,2,428
CholeskySolverTest,3,428
EigenDecompositionImplTest,3,428
EigenSolverTest,4,428
FieldLUDecompositionImplTest,2,323
LUDecompositionImplTest,2,428
LUSolverTest,3,428
QRDecompositionImplTest,4,428
QRSolverTest,5,428
SingularValueDecompositionImplTest,2,428
SingularValueSolverTest,3,428
TriDiagonalTransformerTest,2,428
DenseFieldMatrixTest,9,315
DenseRealMatrixTest,17,544
EigenDecompositionImplTest,16,203
EigenSolverTest,7,203
FieldLUDecompositionImplTest,3,203
FieldMatrixImplTest,9,323
FieldVectorImplTest,5,323
FrenchRealVectorFormatTest,3,656
InvalidMatrixExceptionTest,8,1587
LUDecompositionImplTest,9,203
LUSolverTest,7,203
MatrixIndexExceptionTest,9,1587
MatrixUtilsTest,15,1318
QRDecompositionImplTest,16,203
QRSolverTest,9,203
RealMatrixImplTest,56,1776
RealVectorFormatAbstractTest,4,656
RealVectorFormatTest,3,656
RealVectorImplTest,9,656
SingularValueDecompositionImplTest,9,203
SingularValueSolverTest,7,203
SparseFieldMatrixTest,6,279
SparseFieldVectorTest,4,281
SparseRealMatrixTest,15,547
SparseRealVectorTest,15,454
TriDiagonalTransformerTest,6,203
ListUnivariateImplTest,4,1959
MathConfigurationExceptionTest,14,1776
MathExceptionTest,16,1776
MathTestSuite,4,1966
MathUtilsTest,3,1906
MaxIterationsExceededExceptionTest,6,1100
ClassicalRungeKuttaIntegratorTest,8,1082
ClassicalRungeKuttaStepInterpolatorTest,3,1082
ContinuousOutputModelTest,9,1082
DormandPrince54IntegratorTest,10,1082
DormandPrince54StepInterpolatorTest,4,1082
DormandPrince853IntegratorTest,8,1082
DormandPrince853StepInterpolatorTest,4,1082
DummyStepInterpolatorTest,6,957
EulerIntegratorTest,6,1082
EulerStepInterpolatorTest,4,1082
FirstOrderConverterTest,6,1082
GillIntegratorTest,6,1082
GillStepInterpolatorTest,3,1082
GraggBulirschStoerIntegratorTest,11,1082
GraggBulirschStoerStepInterpolatorTest,4,1082
HighamHall54IntegratorTest,12,1082
HighamHall54StepInterpolatorTest,4,1082
MidpointIntegratorTest,6,1082
MidpointStepInterpolatorTest,3,1082
AbstractStepInterpolatorTest,0,0
AdamsBashforthIntegratorTest,13,186
AdamsIntegratorTest,5,221
AdamsMoultonIntegratorTest,13,186
ClassicalRungeKuttaIntegratorTest,10,702
ClassicalRungeKuttaStepInterpolatorTest,7,702
DormandPrince54IntegratorTest,10,702
DormandPrince54StepInterpolatorTest,8,702
DormandPrince853IntegratorTest,11,702
DormandPrince853StepInterpolatorTest,8,702
EulerIntegratorTest,9,702
EulerStepInterpolatorTest,11,702
GillIntegratorTest,10,702
GillStepInterpolatorTest,7,702
GraggBulirschStoerIntegratorTest,10,702
GraggBulirschStoerStepInterpolatorTest,8,702
HighamHall54IntegratorTest,11,702
HighamHall54StepInterpolatorTest,8,702
MidpointIntegratorTest,9,702
MidpointStepInterpolatorTest,7,702
StepInterpolatorAbstractTest,5,692
StepProblem,3,702
TestProblem1,4,702
TestProblem2,5,702
TestProblem3,4,702
TestProblem4,6,702
TestProblem5,2,702
TestProblem6,2,225
TestProblemAbstract,5,702
TestProblemFactory,3,702
TestProblemHandler,6,702
ThreeEighthesIntegratorTest,10,702
ThreeEighthesStepInterpolatorTest,7,702
NordsieckTransformerTest,4,348
DummyStepInterpolatorTest,8,702
NordsieckStepInterpolatorTest,7,222
StepInterpolatorTestUtils,4,224
StepNormalizerTest,7,702
StepNormalizerTest,3,1082
StepProblem,3,1082
TestProblem1,7,136
TestProblem2,7,136
TestProblem3,8,136
TestProblem4,7,136
TestProblem5,7,136
TestProblem6,3,136
TestProblemAbstract,6,136
TestProblemFactory,5,136
TestProblemHandler,6,136
ThreeEighthesIntegratorTest,6,1082
ThreeEighthesStepInterpolatorTest,3,1082
MultiDirectionalTest,7,415
NelderMeadTest,12,415
HarmonicFitterTest,2,167
PolynomialFitterTest,2,167
EstimatedParameterTest,2,415
GaussNewtonEstimatorTest,2,415
GaussNewtonOptimizerTest,11,411
LevenbergMarquardtEstimatorTest,2,415
LevenbergMarquardtOptimizerTest,11,410
MinpackTest,10,415
NonLinearConjugateGradientOptimizerTest,6,391
WeightedMeasurementTest,2,415
SimplexSolverTest,8,387
SimplexTableauTest,4,387
MultiDirectionalTest,7,1080
MultiStartDifferentiableMultivariateRealOptimizerTest,4,86
MultiStartDifferentiableMultivariateVectorialOptimizerTest,2,169
MultiStartMultivariateRealOptimizerTest,3,169
MultiStartUnivariateRealOptimizerTest,3,86
NelderMeadTest,11,1080
BrentMinimizerTest,6,415
QuinticFunction,2,1873
AbstractRandomGeneratorTest,8,1245
CorrelatedRandomVectorGeneratorTest,9,1075
RandomDataTest,7,1951
EmpiricalDistributionTest,29,1776
GaussianRandomGeneratorTest,2,1088
MersenneTwisterTest,4,64
RandomAdaptorTest,8,1237
RandomDataTest,38,1776
TestRandomGenerator,7,1245
UncorrelatedRandomVectorGeneratorTest,4,1088
UniformRandomGeneratorTest,3,1088
ValueServerTest,24,1776
RealMatrixImplTest,3,1966
RealSolverTest,2,1873
RetryTestCase,7,1667
SinFunction,2,1873
BetaTest,12,1776
ErfTest,4,1575
GammaTest,16,1776
BeanListUnivariateImpl,4,1773
BeanListUnivariateImplTest,13,1776
BivariateRegressionTest,13,1776
CertifiedDataTest,28,1776
EuclideanIntegerPointTest,2,73
KMeansPlusPlusClustererTest,2,286
CovarianceTest,4,437
PearsonsCorrelationTest,5,426
SpearmansRankCorrelationTest,5,243
CertifiedDataAbstractTest,20,1659
LewTest,6,1659
LotteryTest,6,1659
AbstractUnivariateStatisticTest,4,1336
AggregateSummaryStatisticsTest,6,299
DescriptiveStatisticsAbstractTest,4,934
DescriptiveStatisticsImplTest,9,1336
DescriptiveStatisticsTest,23,923
InteractionTest,4,1336
ListUnivariateImpl,12,1336
ListUnivariateImplTest,11,1336
MixedListUnivariateImplTest,12,1336
FirstMomentTest,5,1336
FourthMomentTest,5,1336
GeometricMeanTest,5,1336
KurtosisTest,5,1336
MeanTest,5,1336
SecondMomentTest,5,1336
SkewnessTest,5,1336
StandardDeviationTest,7,1336
ThirdMomentTest,5,1336
VarianceTest,8,1336
VectorialCovarianceTest,5,1088
VectorialMeanTest,4,1088
MultivariateSummaryStatisticsTest,10,810
MaxTest,6,1336
MedianTest,5,1336
MinTest,6,1336
PercentileTest,8,1336
StatisticalSummaryValuesTest,7,1336
DescriptiveStatisticsTest,6,1773
StorelessUnivariateStatisticAbstractTest,8,1336
ProductTest,5,1336
SummaryStatisticsAbstractTest,5,911
SummaryStatisticsImplTest,9,1336
SummaryStatisticsTest,11,917
SumLogTest,5,1336
SumSqTest,5,1336
SumTest,5,1336
SynchronizedDescriptiveStatisticsTest,5,949
SynchronizedMultivariateSummaryStatisticsTest,2,69
SynchronizedSummaryStatisticsTest,5,911
UnivariateStatisticAbstractTest,5,1336
FrequencyTest,30,1776
ChiSquareFactoryTest,6,1227
ChiSquareTestTest,13,1581
OneWayAnovaTest,5,851
TestStatisticTest,4,1620
TestUtilsTest,9,1227
TTestFactoryTest,5,1227
TTestTest,15,1581
ListUnivariateImpl,4,1773
ListUnivariateImplTest,13,1776
MixedListUnivariateImplTest,9,1776
BivariateRegressionTest,3,1618
SimpleRegressionTest,2,1355
NaturalRankingTest,8,266
AbstractMultipleLinearRegressionTest,6,731
GLSMultipleLinearRegressionTest,9,731
MultipleLinearRegressionAbstractTest,2,569
OLSMultipleLinearRegressionTest,17,731
SimpleRegressionTest,12,1336
StatUtilsTest,27,1776
StoreUnivariateImplTest,13,1776
TestStatisticTest,14,1776
AbstractUnivariateStatisticTest,4,1613
BeanListUnivariateImpl,3,1608
BeanListUnivariateImplTest,3,1617
DescriptiveStatisticsImplTest,2,1490
DescriptiveStatisticsTest,9,1617
UnivariateImplTest,12,1776
InteractionTest,11,1776
ListUnivariateImpl,6,1617
ListUnivariateImplTest,4,1617
MixedListUnivariateImplTest,3,1617
FirstMomentTest,4,1588
FourthMomentTest,2,1449
GeometricMeanTest,12,1776
KurtosisTest,13,1776
MeanTest,13,1776
SecondMomentTest,2,1449
SkewnessTest,13,1776
StandardDeviationTest,13,1776
ThirdMomentTest,2,1449
VarianceTest,13,1776
MaxTest,14,1776
MedianTest,11,1776
MinTest,13,1776
PercentileTest,15,1776
StatisticalSummaryValuesTest,2,1445
StorelessUnivariateStatisticAbstractTest,17,1776
StoreUnivariateImplTest,3,1617
ProductTest,14,1776
SummaryStatisticsImplTest,3,1490
SumLogTest,13,1776
SumSqTest,13,1776
SumTest,13,1776
UnivariateImplTest,6,1773
UnivariateStatisticAbstractTest,13,1776
StoreUnivariateImplTest,3,1961
TestStatisticTest,4,1957
TestUtils,29,1776
FastCosineTransformerTest,4,1130
FastFourierTransformerTest,6,1130
FastHadamardTransformerTest,4,515
FastSineTransformerTest,4,1130
UnivariateImplTest,5,1961
UnivariateTest,2,1966
BeanTransformer,6,1773
BeanTransformerTest,13,1776
BigRealFieldTest,2,79
BigRealTest,2,78
ContinuedFractionTest,15,1776
ContractableDoubleArrayTest,10,1776
DefaultTransformerTest,18,1776
DoubleArrayAbstractTest,13,1776
ExpandableDoubleArrayTest,11,1776
FixedDoubleArrayTest,11,1776
MathUtilsTest,51,1776
OpenIntToDoubleHashMapTest,4,548
OpenIntToFieldTest,3,295
ResizableDoubleArrayTest,7,1498
TestBean,15,1776
TransformerMapTest,11,1776
ValueServerTest,5,1941
